file_name,type,rate,y_id,y
Media-105416_0_02,Samba,1.0,0,ChaChaCha
Media-105416_5_04,Samba,2.0,0,ChaChaCha
Albums-Fire-02_1_00,Samba,0.5,5,Tango
Media-103502_3_02,Samba,1.0,6,VienneseWaltz
Albums-Fire-02_2_03,Samba,1.4142135623730951,0,ChaChaCha
Albums-Fire-02_2_04,Samba,2.0,0,ChaChaCha
Albums-Fire-02_0_03,Samba,1.4142135623730951,0,ChaChaCha
Media-103502_0_03,Samba,1.4142135623730951,0,ChaChaCha
Albums-Latin_Jam4-12_0_03,Samba,1.4142135623730951,0,ChaChaCha
Media-105416_3_00,Samba,0.5,6,VienneseWaltz
Albums-Latin_Jam4-12_3_04,Samba,2.0,0,ChaChaCha
Media-103607_0_01,Samba,0.7071067811865476,0,ChaChaCha
Media-103607_2_01,Samba,0.7071067811865476,0,ChaChaCha
Media-103504_2_02,Samba,1.0,7,Waltz
Media-105416_4_04,Samba,2.0,0,ChaChaCha
Media-103607_1_03,Samba,1.4142135623730951,0,ChaChaCha
Albums-Fire-02_0_02,Samba,1.0,4,Samba
Media-103607_4_04,Samba,2.0,0,ChaChaCha
Albums-Latin_Jam4-12_0_02,Samba,1.0,4,Samba
Media-103504_2_04,Samba,2.0,0,ChaChaCha
Media-103504_2_01,Samba,0.7071067811865476,7,Waltz
Media-105416_0_04,Samba,2.0,0,ChaChaCha
Media-103504_3_00,Samba,0.5,6,VienneseWaltz
Media-105416_2_03,Samba,1.4142135623730951,0,ChaChaCha
Albums-Latin_Jam4-12_4_04,Samba,2.0,0,ChaChaCha
Media-105416_0_03,Samba,1.4142135623730951,0,ChaChaCha
Media-103502_0_02,Samba,1.0,4,Samba
Albums-Fire-02_4_01,Samba,0.7071067811865476,0,ChaChaCha
Media-105416_4_02,Samba,1.0,5,Tango
Media-103607_0_00,Samba,0.5,1,Jive
Media-103607_1_00,Samba,0.5,1,Jive
Media-103504_0_01,Samba,0.7071067811865476,5,Tango
Media-103504_1_00,Samba,0.5,7,Waltz
Media-103607_4_00,Samba,0.5,6,VienneseWaltz
Media-103502_4_00,Samba,0.5,6,VienneseWaltz
Albums-Latin_Jam4-12_4_00,Samba,0.5,6,VienneseWaltz
Albums-Fire-02_1_04,Samba,2.0,0,ChaChaCha
Media-103607_0_02,Samba,1.0,4,Samba
Media-103607_4_01,Samba,0.7071067811865476,0,ChaChaCha
Media-103504_4_00,Samba,0.5,6,VienneseWaltz
Media-103504_4_03,Samba,1.4142135623730951,0,ChaChaCha
Media-105416_5_00,Samba,0.5,6,VienneseWaltz
Albums-Latin_Jam4-12_0_04,Samba,2.0,0,ChaChaCha
Albums-Latin_Jam4-12_1_00,Samba,0.5,6,VienneseWaltz
Media-103502_0_00,Samba,0.5,0,ChaChaCha
Media-105416_4_00,Samba,0.5,6,VienneseWaltz
Media-105416_1_00,Samba,0.5,6,VienneseWaltz
Albums-Latin_Jam4-12_0_01,Samba,0.7071067811865476,0,ChaChaCha
Albums-Latin_Jam4-12_3_03,Samba,1.4142135623730951,0,ChaChaCha
Media-105416_2_02,Samba,1.0,0,ChaChaCha
Media-103607_2_03,Samba,1.4142135623730951,0,ChaChaCha
Media-103607_2_04,Samba,2.0,0,ChaChaCha
Media-105416_2_04,Samba,2.0,0,ChaChaCha
Albums-Latin_Jam4-12_2_01,Samba,0.7071067811865476,0,ChaChaCha
Albums-Latin_Jam4-12_3_01,Samba,0.7071067811865476,5,Tango
Media-103607_3_02,Samba,1.0,1,Jive
Albums-Latin_Jam4-12_1_03,Samba,1.4142135623730951,0,ChaChaCha
Media-103504_0_04,Samba,2.0,0,ChaChaCha
Albums-Fire-02_2_02,Samba,1.0,4,Samba
Albums-Fire-02_3_01,Samba,0.7071067811865476,3,Rumba
Albums-Latin_Jam4-12_5_03,Samba,1.4142135623730951,0,ChaChaCha
Media-103502_2_00,Samba,0.5,6,VienneseWaltz
Media-103502_0_01,Samba,0.7071067811865476,0,ChaChaCha
Albums-Latin_Jam4-12_2_04,Samba,2.0,0,ChaChaCha
Media-103502_2_04,Samba,2.0,0,ChaChaCha
Albums-Fire-02_1_02,Samba,1.0,4,Samba
Media-103502_3_04,Samba,2.0,0,ChaChaCha
Media-103504_3_01,Samba,0.7071067811865476,5,Tango
Media-105416_4_03,Samba,1.4142135623730951,0,ChaChaCha
Media-103504_2_00,Samba,0.5,7,Waltz
Media-103502_3_00,Samba,0.5,6,VienneseWaltz
Media-103504_4_02,Samba,1.0,2,Quickstep
Albums-Fire-02_0_00,Samba,0.5,5,Tango
Media-103504_0_00,Samba,0.5,5,Tango
Media-103607_1_02,Samba,1.0,4,Samba
Media-103502_1_04,Samba,2.0,0,ChaChaCha
Albums-Fire-02_3_00,Samba,0.5,6,VienneseWaltz
Media-103502_1_00,Samba,0.5,5,Tango
Media-103502_2_01,Samba,0.7071067811865476,6,VienneseWaltz
Albums-Latin_Jam4-12_2_00,Samba,0.5,6,VienneseWaltz
Albums-Latin_Jam4-12_0_00,Samba,0.5,6,VienneseWaltz
Media-105416_5_02,Samba,1.0,6,VienneseWaltz
Media-103502_1_03,Samba,1.4142135623730951,0,ChaChaCha
Media-105416_5_03,Samba,1.4142135623730951,0,ChaChaCha
Albums-Fire-02_4_04,Samba,2.0,0,ChaChaCha
Media-103504_1_03,Samba,1.4142135623730951,0,ChaChaCha
Albums-Fire-02_2_01,Samba,0.7071067811865476,3,Rumba
Media-103502_3_03,Samba,1.4142135623730951,0,ChaChaCha
Albums-Latin_Jam4-12_2_02,Samba,1.0,5,Tango
Albums-Fire-02_0_04,Samba,2.0,0,ChaChaCha
Media-103607_1_04,Samba,2.0,0,ChaChaCha
Media-103502_4_01,Samba,0.7071067811865476,6,VienneseWaltz
Media-103504_1_04,Samba,2.0,0,ChaChaCha
Albums-Latin_Jam4-12_2_03,Samba,1.4142135623730951,0,ChaChaCha
Media-103502_4_02,Samba,1.0,5,Tango
Albums-Fire-02_2_00,Samba,0.5,6,VienneseWaltz
Media-103502_0_04,Samba,2.0,0,ChaChaCha
Media-103502_2_02,Samba,1.0,6,VienneseWaltz
Albums-Latin_Jam4-12_5_04,Samba,2.0,0,ChaChaCha
Albums-Fire-02_1_01,Samba,0.7071067811865476,6,VienneseWaltz
Media-103607_4_02,Samba,1.0,1,Jive
Media-103504_4_04,Samba,2.0,0,ChaChaCha
Albums-Fire-02_1_03,Samba,1.4142135623730951,0,ChaChaCha
Media-103607_0_04,Samba,2.0,0,ChaChaCha
Media-103504_2_03,Samba,1.4142135623730951,0,ChaChaCha
Albums-Latin_Jam4-12_4_01,Samba,0.7071067811865476,6,VienneseWaltz
Albums-Latin_Jam4-12_4_02,Samba,1.0,1,Jive
Media-103502_1_02,Samba,1.0,0,ChaChaCha
Albums-Fire-02_4_03,Samba,1.4142135623730951,0,ChaChaCha
Albums-Fire-02_0_01,Samba,0.7071067811865476,7,Waltz
Media-103504_1_02,Samba,1.0,6,VienneseWaltz
Media-103502_2_03,Samba,1.4142135623730951,0,ChaChaCha
Media-105416_1_01,Samba,0.7071067811865476,2,Quickstep
Media-103607_3_01,Samba,0.7071067811865476,0,ChaChaCha
Media-105416_1_04,Samba,2.0,0,ChaChaCha
Media-103504_3_02,Samba,1.0,1,Jive
Media-105416_4_01,Samba,0.7071067811865476,6,VienneseWaltz
Media-103607_2_00,Samba,0.5,1,Jive
Albums-Fire-02_3_04,Samba,2.0,0,ChaChaCha
Media-103504_3_03,Samba,1.4142135623730951,0,ChaChaCha
Media-105416_0_01,Samba,0.7071067811865476,6,VienneseWaltz
Media-105416_1_02,Samba,1.0,0,ChaChaCha
Media-103504_4_01,Samba,0.7071067811865476,2,Quickstep
Media-103607_3_00,Samba,0.5,1,Jive
Media-103607_3_04,Samba,2.0,0,ChaChaCha
Media-105416_3_03,Samba,1.4142135623730951,0,ChaChaCha
Albums-Latin_Jam4-12_4_03,Samba,1.4142135623730951,0,ChaChaCha
Albums-Latin_Jam4-12_1_04,Samba,2.0,0,ChaChaCha
Media-105416_3_01,Samba,0.7071067811865476,6,VienneseWaltz
Media-103504_3_04,Samba,2.0,0,ChaChaCha
Media-105416_0_00,Samba,0.5,5,Tango
Media-103502_4_03,Samba,1.4142135623730951,0,ChaChaCha
Albums-Fire-02_3_03,Samba,1.4142135623730951,0,ChaChaCha
Media-105416_5_01,Samba,0.7071067811865476,6,VienneseWaltz
Media-103607_1_01,Samba,0.7071067811865476,0,ChaChaCha
Albums-Latin_Jam4-12_1_02,Samba,1.0,4,Samba
Media-103502_4_04,Samba,2.0,0,ChaChaCha
Media-103504_0_02,Samba,1.0,5,Tango
Media-103607_0_03,Samba,1.4142135623730951,0,ChaChaCha
Media-105416_3_04,Samba,2.0,0,ChaChaCha
Albums-Latin_Jam4-12_5_00,Samba,0.5,6,VienneseWaltz
Media-103504_0_03,Samba,1.4142135623730951,0,ChaChaCha
Media-103502_1_01,Samba,0.7071067811865476,6,VienneseWaltz
Media-105416_3_02,Samba,1.0,5,Tango
Media-103607_2_02,Samba,1.0,4,Samba
Albums-Latin_Jam4-12_3_00,Samba,0.5,6,VienneseWaltz
Albums-Fire-02_4_02,Samba,1.0,4,Samba
Media-105416_1_03,Samba,1.4142135623730951,0,ChaChaCha
Albums-Latin_Jam4-12_5_02,Samba,1.0,0,ChaChaCha
Albums-Fire-02_3_02,Samba,1.0,4,Samba
Albums-Latin_Jam4-12_3_02,Samba,1.0,1,Jive
Albums-Latin_Jam4-12_5_01,Samba,0.7071067811865476,0,ChaChaCha
Media-105416_2_00,Samba,0.5,5,Tango
Media-103607_4_03,Samba,1.4142135623730951,0,ChaChaCha
Albums-Latin_Jam4-12_1_01,Samba,0.7071067811865476,0,ChaChaCha
Albums-Fire-02_4_00,Samba,0.5,6,VienneseWaltz
Media-105416_2_01,Samba,0.7071067811865476,6,VienneseWaltz
Media-103607_3_03,Samba,1.4142135623730951,0,ChaChaCha
Media-103502_3_01,Samba,0.7071067811865476,6,VienneseWaltz
Media-103504_1_01,Samba,0.7071067811865476,5,Tango
Albums-Ballroom_Classics4-01_1_00,Waltz,0.5,7,Waltz
Albums-Fire-13_5_02,Waltz,1.0,7,Waltz
Albums-Ballroom_Classics4-01_0_02,Waltz,1.0,6,VienneseWaltz
Albums-Fire-13_3_01,Waltz,0.7071067811865476,3,Rumba
Albums-Ballroom_Classics4-01_1_02,Waltz,1.0,7,Waltz
Media-104805_1_03,Waltz,1.4142135623730951,0,ChaChaCha
Media-105701_1_00,Waltz,0.5,7,Waltz
Media-105701_3_01,Waltz,0.7071067811865476,7,Waltz
Albums-Fire-13_5_04,Waltz,2.0,0,ChaChaCha
Media-100601_3_00,Waltz,0.5,7,Waltz
Media-105702_1_02,Waltz,1.0,7,Waltz
Media-105702_0_02,Waltz,1.0,7,Waltz
Media-105701_1_02,Waltz,1.0,7,Waltz
Media-105701_1_04,Waltz,2.0,0,ChaChaCha
Media-100601_4_03,Waltz,1.4142135623730951,0,ChaChaCha
Media-105701_5_03,Waltz,1.4142135623730951,0,ChaChaCha
Media-104401_3_01,Waltz,0.7071067811865476,7,Waltz
Media-104805_2_04,Waltz,2.0,0,ChaChaCha
Media-104401_5_00,Waltz,0.5,7,Waltz
Media-104401_1_04,Waltz,2.0,0,ChaChaCha
Media-104805_1_02,Waltz,1.0,6,VienneseWaltz
Media-105701_3_00,Waltz,0.5,7,Waltz
Media-104401_2_01,Waltz,0.7071067811865476,7,Waltz
Media-105801_3_03,Waltz,1.4142135623730951,0,ChaChaCha
Albums-Ballroom_Classics4-01_4_00,Waltz,0.5,7,Waltz
Media-105702_3_00,Waltz,0.5,6,VienneseWaltz
Media-105702_4_01,Waltz,0.7071067811865476,6,VienneseWaltz
Media-100601_4_00,Waltz,0.5,7,Waltz
Media-104805_4_03,Waltz,1.4142135623730951,0,ChaChaCha
Albums-Ballroom_Classics4-01_3_04,Waltz,2.0,0,ChaChaCha
Media-104805_3_04,Waltz,2.0,0,ChaChaCha
Media-100601_5_03,Waltz,1.4142135623730951,0,ChaChaCha
Media-104805_3_02,Waltz,1.0,6,VienneseWaltz
Media-104401_1_03,Waltz,1.4142135623730951,0,ChaChaCha
Albums-Ballroom_Classics4-01_5_04,Waltz,2.0,0,ChaChaCha
Media-104805_4_02,Waltz,1.0,6,VienneseWaltz
Albums-Ballroom_Classics4-01_3_02,Waltz,1.0,6,VienneseWaltz
Media-105702_5_04,Waltz,2.0,0,ChaChaCha
Albums-Fire-13_3_03,Waltz,1.4142135623730951,0,ChaChaCha
Media-104401_0_01,Waltz,0.7071067811865476,7,Waltz
Media-105702_5_03,Waltz,1.4142135623730951,0,ChaChaCha
Media-104401_2_04,Waltz,2.0,0,ChaChaCha
Albums-Ballroom_Classics4-01_1_01,Waltz,0.7071067811865476,7,Waltz
Albums-Fire-13_4_00,Waltz,0.5,6,VienneseWaltz
Media-100601_2_01,Waltz,0.7071067811865476,7,Waltz
Albums-Ballroom_Classics4-01_0_00,Waltz,0.5,7,Waltz
Media-100601_0_02,Waltz,1.0,7,Waltz
Media-105801_0_02,Waltz,1.0,7,Waltz
Media-105801_1_01,Waltz,0.7071067811865476,7,Waltz
Media-104805_1_01,Waltz,0.7071067811865476,7,Waltz
Media-100601_0_01,Waltz,0.7071067811865476,7,Waltz
Media-105701_2_04,Waltz,2.0,0,ChaChaCha
Media-105801_2_04,Waltz,2.0,0,ChaChaCha
Media-105701_3_02,Waltz,1.0,7,Waltz
Media-105701_4_00,Waltz,0.5,7,Waltz
Media-105801_1_03,Waltz,1.4142135623730951,0,ChaChaCha
Albums-Ballroom_Classics4-01_1_03,Waltz,1.4142135623730951,0,ChaChaCha
Media-105701_2_03,Waltz,1.4142135623730951,0,ChaChaCha
Media-105702_3_01,Waltz,0.7071067811865476,6,VienneseWaltz
Media-105801_1_00,Waltz,0.5,7,Waltz
Media-105801_2_02,Waltz,1.0,7,Waltz
Media-105702_0_00,Waltz,0.5,7,Waltz
Media-105701_1_01,Waltz,0.7071067811865476,7,Waltz
Albums-Ballroom_Classics4-01_2_00,Waltz,0.5,7,Waltz
Media-100601_1_01,Waltz,0.7071067811865476,7,Waltz
Media-105702_2_01,Waltz,0.7071067811865476,6,VienneseWaltz
Media-104401_0_00,Waltz,0.5,7,Waltz
Media-105701_3_03,Waltz,1.4142135623730951,0,ChaChaCha
Media-104401_4_01,Waltz,0.7071067811865476,7,Waltz
Albums-Ballroom_Classics4-01_2_01,Waltz,0.7071067811865476,7,Waltz
Media-105702_0_04,Waltz,2.0,0,ChaChaCha
Media-104805_5_04,Waltz,2.0,0,ChaChaCha
Media-104401_3_03,Waltz,1.4142135623730951,0,ChaChaCha
Media-104401_2_02,Waltz,1.0,7,Waltz
Albums-Fire-13_1_01,Waltz,0.7071067811865476,7,Waltz
Media-105801_3_01,Waltz,0.7071067811865476,7,Waltz
Media-104401_2_00,Waltz,0.5,7,Waltz
Media-105702_2_03,Waltz,1.4142135623730951,0,ChaChaCha
Albums-Fire-13_4_02,Waltz,1.0,6,VienneseWaltz
Media-100601_0_04,Waltz,2.0,0,ChaChaCha
Media-104805_2_02,Waltz,1.0,6,VienneseWaltz
Albums-Fire-13_5_03,Waltz,1.4142135623730951,0,ChaChaCha
Albums-Fire-13_2_00,Waltz,0.5,3,Rumba
Media-105702_5_01,Waltz,0.7071067811865476,6,VienneseWaltz
Media-105702_0_03,Waltz,1.4142135623730951,0,ChaChaCha
Media-104805_4_04,Waltz,2.0,0,ChaChaCha
Media-105701_4_03,Waltz,1.4142135623730951,0,ChaChaCha
Albums-Fire-13_2_03,Waltz,1.4142135623730951,0,ChaChaCha
Albums-Fire-13_0_03,Waltz,1.4142135623730951,0,ChaChaCha
Media-105702_1_00,Waltz,0.5,7,Waltz
Albums-Ballroom_Classics4-01_4_02,Waltz,1.0,6,VienneseWaltz
Media-105701_1_03,Waltz,1.4142135623730951,0,ChaChaCha
Media-104805_4_01,Waltz,0.7071067811865476,6,VienneseWaltz
Media-105702_1_01,Waltz,0.7071067811865476,6,VienneseWaltz
Media-105701_5_00,Waltz,0.5,6,VienneseWaltz
Media-105702_4_00,Waltz,0.5,6,VienneseWaltz
Albums-Ballroom_Classics4-01_3_00,Waltz,0.5,7,Waltz
Media-104805_0_04,Waltz,2.0,0,ChaChaCha
Media-105801_2_01,Waltz,0.7071067811865476,6,VienneseWaltz
Media-104401_4_00,Waltz,0.5,7,Waltz
Media-105701_4_01,Waltz,0.7071067811865476,7,Waltz
Albums-Fire-13_4_01,Waltz,0.7071067811865476,7,Waltz
Media-105701_2_01,Waltz,0.7071067811865476,7,Waltz
Albums-Ballroom_Classics4-01_4_04,Waltz,2.0,0,ChaChaCha
Media-104805_5_01,Waltz,0.7071067811865476,6,VienneseWaltz
Albums-Fire-13_1_00,Waltz,0.5,7,Waltz
Media-105701_0_00,Waltz,0.5,7,Waltz
Media-104401_3_02,Waltz,1.0,7,Waltz
Media-105801_4_04,Waltz,2.0,0,ChaChaCha
Media-104805_5_02,Waltz,1.0,6,VienneseWaltz
Media-104805_1_04,Waltz,2.0,0,ChaChaCha
Media-100601_5_04,Waltz,2.0,0,ChaChaCha
Media-104805_1_00,Waltz,0.5,6,VienneseWaltz
Albums-Ballroom_Classics4-01_5_00,Waltz,0.5,7,Waltz
Media-104401_1_01,Waltz,0.7071067811865476,7,Waltz
Albums-Fire-13_0_00,Waltz,0.5,7,Waltz
Media-100601_2_02,Waltz,1.0,7,Waltz
Media-104401_4_04,Waltz,2.0,0,ChaChaCha
Albums-Fire-13_3_00,Waltz,0.5,7,Waltz
Media-104401_1_02,Waltz,1.0,7,Waltz
Media-105702_4_02,Waltz,1.0,6,VienneseWaltz
Albums-Ballroom_Classics4-01_4_03,Waltz,1.4142135623730951,0,ChaChaCha
Media-104805_3_01,Waltz,0.7071067811865476,6,VienneseWaltz
Media-105701_4_02,Waltz,1.0,7,Waltz
Media-104805_2_03,Waltz,1.4142135623730951,0,ChaChaCha
Media-104401_3_00,Waltz,0.5,7,Waltz
Media-105801_0_03,Waltz,1.4142135623730951,0,ChaChaCha
Albums-Ballroom_Classics4-01_2_02,Waltz,1.0,7,Waltz
Media-105801_4_03,Waltz,1.4142135623730951,0,ChaChaCha
Albums-Fire-13_2_01,Waltz,0.7071067811865476,3,Rumba
Media-104401_5_04,Waltz,2.0,0,ChaChaCha
Media-100601_1_04,Waltz,2.0,0,ChaChaCha
Media-104401_0_02,Waltz,1.0,7,Waltz
Media-105801_0_00,Waltz,0.5,7,Waltz
Media-105801_3_04,Waltz,2.0,0,ChaChaCha
Media-104401_2_03,Waltz,1.4142135623730951,0,ChaChaCha
Media-105801_0_01,Waltz,0.7071067811865476,7,Waltz
Albums-Fire-13_0_04,Waltz,2.0,0,ChaChaCha
Media-105801_5_02,Waltz,1.0,6,VienneseWaltz
Media-100601_0_03,Waltz,1.4142135623730951,0,ChaChaCha
Media-105801_4_01,Waltz,0.7071067811865476,7,Waltz
Media-105801_1_04,Waltz,2.0,0,ChaChaCha
Albums-Ballroom_Classics4-01_5_03,Waltz,1.4142135623730951,0,ChaChaCha
Media-105702_2_00,Waltz,0.5,6,VienneseWaltz
Media-104401_5_03,Waltz,1.4142135623730951,0,ChaChaCha
Media-105701_5_02,Waltz,1.0,6,VienneseWaltz
Albums-Ballroom_Classics4-01_5_01,Waltz,0.7071067811865476,7,Waltz
Media-100601_5_01,Waltz,0.7071067811865476,7,Waltz
Media-105801_0_04,Waltz,2.0,0,ChaChaCha
Media-105801_2_00,Waltz,0.5,7,Waltz
Media-104805_3_03,Waltz,1.4142135623730951,0,ChaChaCha
Media-104401_1_00,Waltz,0.5,7,Waltz
Media-104805_2_00,Waltz,0.5,6,VienneseWaltz
Albums-Fire-13_1_03,Waltz,1.4142135623730951,0,ChaChaCha
Media-105702_2_04,Waltz,2.0,0,ChaChaCha
Media-105701_0_01,Waltz,0.7071067811865476,7,Waltz
Media-105801_4_02,Waltz,1.0,7,Waltz
Media-105801_5_01,Waltz,0.7071067811865476,6,VienneseWaltz
Media-104805_0_01,Waltz,0.7071067811865476,6,VienneseWaltz
Media-104401_4_02,Waltz,1.0,7,Waltz
Media-105702_4_03,Waltz,1.4142135623730951,0,ChaChaCha
Media-104805_0_03,Waltz,1.4142135623730951,0,ChaChaCha
Albums-Fire-13_0_02,Waltz,1.0,7,Waltz
Albums-Fire-13_0_01,Waltz,0.7071067811865476,7,Waltz
Media-100601_0_00,Waltz,0.5,7,Waltz
Media-105701_3_04,Waltz,2.0,0,ChaChaCha
Media-100601_1_03,Waltz,1.4142135623730951,0,ChaChaCha
Media-105702_0_01,Waltz,0.7071067811865476,7,Waltz
Media-104401_5_01,Waltz,0.7071067811865476,7,Waltz
Albums-Ballroom_Classics4-01_2_04,Waltz,2.0,0,ChaChaCha
Media-105801_5_00,Waltz,0.5,7,Waltz
Media-105701_2_00,Waltz,0.5,7,Waltz
Media-105801_5_03,Waltz,1.4142135623730951,0,ChaChaCha
Albums-Ballroom_Classics4-01_3_01,Waltz,0.7071067811865476,6,VienneseWaltz
Media-100601_3_01,Waltz,0.7071067811865476,7,Waltz
Albums-Fire-13_5_00,Waltz,0.5,7,Waltz
Media-100601_1_00,Waltz,0.5,7,Waltz
Media-100601_5_02,Waltz,1.0,7,Waltz
Media-104401_0_04,Waltz,2.0,0,ChaChaCha
Media-105702_5_02,Waltz,1.0,6,VienneseWaltz
Media-100601_2_03,Waltz,1.4142135623730951,0,ChaChaCha
Media-100601_4_01,Waltz,0.7071067811865476,7,Waltz
Media-104805_2_01,Waltz,0.7071067811865476,6,VienneseWaltz
Media-105702_1_03,Waltz,1.4142135623730951,0,ChaChaCha
Albums-Ballroom_Classics4-01_3_03,Waltz,1.4142135623730951,0,ChaChaCha
Media-104805_5_03,Waltz,1.4142135623730951,0,ChaChaCha
Albums-Ballroom_Classics4-01_2_03,Waltz,1.4142135623730951,0,ChaChaCha
Media-104401_0_03,Waltz,1.4142135623730951,0,ChaChaCha
Media-105801_2_03,Waltz,1.4142135623730951,0,ChaChaCha
Media-105702_3_03,Waltz,1.4142135623730951,0,ChaChaCha
Media-105702_4_04,Waltz,2.0,0,ChaChaCha
Albums-Ballroom_Classics4-01_4_01,Waltz,0.7071067811865476,7,Waltz
Media-100601_4_04,Waltz,2.0,0,ChaChaCha
Albums-Ballroom_Classics4-01_1_04,Waltz,2.0,0,ChaChaCha
Media-100601_5_00,Waltz,0.5,7,Waltz
Albums-Fire-13_4_03,Waltz,1.4142135623730951,0,ChaChaCha
Media-105702_3_02,Waltz,1.0,6,VienneseWaltz
Media-105701_0_02,Waltz,1.0,7,Waltz
Media-104805_0_02,Waltz,1.0,6,VienneseWaltz
Albums-Ballroom_Classics4-01_0_03,Waltz,1.4142135623730951,0,ChaChaCha
Albums-Fire-13_3_04,Waltz,2.0,0,ChaChaCha
Media-105701_0_03,Waltz,1.4142135623730951,0,ChaChaCha
Albums-Fire-13_5_01,Waltz,0.7071067811865476,7,Waltz
Media-104805_3_00,Waltz,0.5,6,VienneseWaltz
Media-105701_0_04,Waltz,2.0,0,ChaChaCha
Albums-Fire-13_1_02,Waltz,1.0,3,Rumba
Media-105801_1_02,Waltz,1.0,7,Waltz
Media-100601_3_04,Waltz,2.0,0,ChaChaCha
Albums-Ballroom_Classics4-01_5_02,Waltz,1.0,6,VienneseWaltz
Media-105701_2_02,Waltz,1.0,7,Waltz
Media-105702_5_00,Waltz,0.5,6,VienneseWaltz
Media-104805_0_00,Waltz,0.5,6,VienneseWaltz
Media-105701_5_01,Waltz,0.7071067811865476,6,VienneseWaltz
Media-105801_5_04,Waltz,2.0,0,ChaChaCha
Albums-Ballroom_Classics4-01_0_01,Waltz,0.7071067811865476,7,Waltz
Media-104401_5_02,Waltz,1.0,7,Waltz
Media-105701_4_04,Waltz,2.0,0,ChaChaCha
Albums-Fire-13_2_04,Waltz,2.0,0,ChaChaCha
Media-100601_1_02,Waltz,1.0,7,Waltz
Media-104401_3_04,Waltz,2.0,0,ChaChaCha
Albums-Fire-13_3_02,Waltz,1.0,6,VienneseWaltz
Media-100601_3_03,Waltz,1.4142135623730951,0,ChaChaCha
Media-100601_2_00,Waltz,0.5,7,Waltz
Media-100601_4_02,Waltz,1.0,7,Waltz
Media-104805_4_00,Waltz,0.5,6,VienneseWaltz
Media-105702_3_04,Waltz,2.0,0,ChaChaCha
Albums-Fire-13_2_02,Waltz,1.0,3,Rumba
Albums-Ballroom_Classics4-01_0_04,Waltz,2.0,0,ChaChaCha
Media-105701_5_04,Waltz,2.0,0,ChaChaCha
Albums-Fire-13_4_04,Waltz,2.0,0,ChaChaCha
Media-105702_2_02,Waltz,1.0,6,VienneseWaltz
Media-100601_3_02,Waltz,1.0,7,Waltz
Media-105801_4_00,Waltz,0.5,7,Waltz
Media-105702_1_04,Waltz,2.0,0,ChaChaCha
Media-100601_2_04,Waltz,2.0,0,ChaChaCha
Albums-Fire-13_1_04,Waltz,2.0,0,ChaChaCha
Media-105801_3_02,Waltz,1.0,6,VienneseWaltz
Media-104401_4_03,Waltz,1.4142135623730951,0,ChaChaCha
Media-104805_5_00,Waltz,0.5,6,VienneseWaltz
Media-105801_3_00,Waltz,0.5,7,Waltz
Albums-Latin_Jam4-05_0_04,Jive,2.0,0,ChaChaCha
Media-103714_2_04,Jive,2.0,0,ChaChaCha
Media-103515_4_04,Jive,2.0,0,ChaChaCha
Media-103813_4_02,Jive,1.0,5,Tango
Albums-Latin_Jam5-09_3_00,Jive,0.5,5,Tango
Albums-Latin_Jam5-09_3_01,Jive,0.7071067811865476,6,VienneseWaltz
Media-103515_0_04,Jive,2.0,0,ChaChaCha
Media-103714_2_00,Jive,0.5,6,VienneseWaltz
Albums-Latin_Jam5-09_1_00,Jive,0.5,5,Tango
Albums-Latin_Jam4-05_2_02,Jive,1.0,1,Jive
Media-103515_2_01,Jive,0.7071067811865476,5,Tango
Albums-Latin_Jam4-05_5_02,Jive,1.0,6,VienneseWaltz
Media-103714_3_02,Jive,1.0,5,Tango
Albums-Latin_Jam4-05_0_01,Jive,0.7071067811865476,6,VienneseWaltz
Media-103515_4_02,Jive,1.0,6,VienneseWaltz
Albums-Latin_Jam4-05_1_02,Jive,1.0,6,VienneseWaltz
Albums-Latin_Jam4-05_3_03,Jive,1.4142135623730951,0,ChaChaCha
Media-103515_1_01,Jive,0.7071067811865476,0,ChaChaCha
Albums-Latin_Jam4-05_3_01,Jive,0.7071067811865476,5,Tango
Media-103813_4_01,Jive,0.7071067811865476,5,Tango
Albums-Latin_Jam5-09_2_04,Jive,2.0,0,ChaChaCha
Media-103515_0_00,Jive,0.5,6,VienneseWaltz
Albums-Latin_Jam5-09_3_04,Jive,2.0,0,ChaChaCha
Media-103714_4_04,Jive,2.0,0,ChaChaCha
Albums-Latin_Jam4-05_1_00,Jive,0.5,6,VienneseWaltz
Albums-Latin_Jam4-05_1_03,Jive,1.4142135623730951,0,ChaChaCha
Media-103813_1_01,Jive,0.7071067811865476,5,Tango
Media-103515_4_03,Jive,1.4142135623730951,0,ChaChaCha
Albums-Latin_Jam4-05_4_02,Jive,1.0,6,VienneseWaltz
Media-103714_2_02,Jive,1.0,1,Jive
Media-103813_2_00,Jive,0.5,6,VienneseWaltz
Media-103714_0_01,Jive,0.7071067811865476,6,VienneseWaltz
Media-103515_3_00,Jive,0.5,6,VienneseWaltz
Albums-Latin_Jam5-09_1_03,Jive,1.4142135623730951,0,ChaChaCha
Albums-Latin_Jam4-05_2_03,Jive,1.4142135623730951,0,ChaChaCha
Albums-Latin_Jam4-05_5_00,Jive,0.5,5,Tango
Media-103714_1_01,Jive,0.7071067811865476,0,ChaChaCha
Albums-Latin_Jam5-09_5_03,Jive,1.4142135623730951,0,ChaChaCha
Albums-Latin_Jam5-09_0_00,Jive,0.5,6,VienneseWaltz
Media-103813_4_00,Jive,0.5,5,Tango
Media-103714_0_03,Jive,1.4142135623730951,0,ChaChaCha
Media-103515_0_02,Jive,1.0,5,Tango
Media-103515_0_01,Jive,0.7071067811865476,5,Tango
Media-103714_1_00,Jive,0.5,6,VienneseWaltz
Media-103813_1_04,Jive,2.0,0,ChaChaCha
Media-103813_0_03,Jive,1.4142135623730951,0,ChaChaCha
Albums-Latin_Jam4-05_3_02,Jive,1.0,6,VienneseWaltz
Media-103714_1_03,Jive,1.4142135623730951,0,ChaChaCha
Albums-Latin_Jam5-09_4_02,Jive,1.0,5,Tango
Media-103813_4_04,Jive,2.0,0,ChaChaCha
Media-103813_2_04,Jive,2.0,0,ChaChaCha
Media-103714_3_00,Jive,0.5,6,VienneseWaltz
Albums-Latin_Jam4-05_0_00,Jive,0.5,6,VienneseWaltz
Media-103515_4_01,Jive,0.7071067811865476,5,Tango
Media-103813_3_00,Jive,0.5,6,VienneseWaltz
Media-103714_1_02,Jive,1.0,1,Jive
Albums-Latin_Jam4-05_4_01,Jive,0.7071067811865476,5,Tango
Media-103714_0_02,Jive,1.0,1,Jive
Albums-Latin_Jam5-09_4_03,Jive,1.4142135623730951,0,ChaChaCha
Media-103515_4_00,Jive,0.5,6,VienneseWaltz
Albums-Latin_Jam4-05_5_03,Jive,1.4142135623730951,0,ChaChaCha
Media-103714_2_01,Jive,0.7071067811865476,5,Tango
Albums-Latin_Jam4-05_4_04,Jive,2.0,0,ChaChaCha
Albums-Latin_Jam5-09_2_01,Jive,0.7071067811865476,6,VienneseWaltz
Albums-Latin_Jam5-09_5_02,Jive,1.0,5,Tango
Albums-Latin_Jam5-09_4_00,Jive,0.5,5,Tango
Albums-Latin_Jam5-09_2_00,Jive,0.5,6,VienneseWaltz
Albums-Latin_Jam5-09_0_01,Jive,0.7071067811865476,6,VienneseWaltz
Albums-Latin_Jam4-05_0_03,Jive,1.4142135623730951,0,ChaChaCha
Media-103813_3_02,Jive,1.0,6,VienneseWaltz
Media-103813_1_03,Jive,1.4142135623730951,0,ChaChaCha
Media-103714_4_01,Jive,0.7071067811865476,1,Jive
Media-103515_3_01,Jive,0.7071067811865476,6,VienneseWaltz
Media-103813_0_02,Jive,1.0,6,VienneseWaltz
Media-103813_1_02,Jive,1.0,0,ChaChaCha
Media-103714_0_00,Jive,0.5,6,VienneseWaltz
Albums-Latin_Jam5-09_1_02,Jive,1.0,5,Tango
Albums-Latin_Jam4-05_4_00,Jive,0.5,6,VienneseWaltz
Albums-Latin_Jam5-09_3_02,Jive,1.0,0,ChaChaCha
Media-103515_0_03,Jive,1.4142135623730951,0,ChaChaCha
Albums-Latin_Jam5-09_4_01,Jive,0.7071067811865476,6,VienneseWaltz
Albums-Latin_Jam5-09_5_01,Jive,0.7071067811865476,6,VienneseWaltz
Media-103714_2_03,Jive,1.4142135623730951,0,ChaChaCha
Media-103813_0_00,Jive,0.5,5,Tango
Albums-Latin_Jam5-09_5_04,Jive,2.0,0,ChaChaCha
Albums-Latin_Jam5-09_2_03,Jive,1.4142135623730951,0,ChaChaCha
Media-103813_2_02,Jive,1.0,1,Jive
Media-103515_3_02,Jive,1.0,6,VienneseWaltz
Albums-Latin_Jam5-09_3_03,Jive,1.4142135623730951,0,ChaChaCha
Albums-Latin_Jam4-05_0_02,Jive,1.0,5,Tango
Albums-Latin_Jam5-09_5_00,Jive,0.5,5,Tango
Albums-Latin_Jam4-05_1_04,Jive,2.0,0,ChaChaCha
Albums-Latin_Jam4-05_2_00,Jive,0.5,5,Tango
Media-103515_3_03,Jive,1.4142135623730951,0,ChaChaCha
Media-103714_3_01,Jive,0.7071067811865476,5,Tango
Media-103515_1_02,Jive,1.0,2,Quickstep
Media-103714_0_04,Jive,2.0,0,ChaChaCha
Media-103813_4_03,Jive,1.4142135623730951,0,ChaChaCha
Albums-Latin_Jam4-05_5_01,Jive,0.7071067811865476,5,Tango
Media-103813_2_01,Jive,0.7071067811865476,5,Tango
Albums-Latin_Jam5-09_1_04,Jive,2.0,0,ChaChaCha
Media-103813_0_04,Jive,2.0,0,ChaChaCha
Media-103515_2_03,Jive,1.4142135623730951,0,ChaChaCha
Media-103515_1_03,Jive,1.4142135623730951,0,ChaChaCha
Media-103714_4_00,Jive,0.5,6,VienneseWaltz
Media-103515_3_04,Jive,2.0,0,ChaChaCha
Media-103515_2_04,Jive,2.0,0,ChaChaCha
Albums-Latin_Jam5-09_2_02,Jive,1.0,0,ChaChaCha
Media-103515_2_02,Jive,1.0,6,VienneseWaltz
Albums-Latin_Jam4-05_4_03,Jive,1.4142135623730951,0,ChaChaCha
Media-103515_1_04,Jive,2.0,0,ChaChaCha
Albums-Latin_Jam5-09_0_02,Jive,1.0,5,Tango
Albums-Latin_Jam4-05_3_04,Jive,2.0,0,ChaChaCha
Albums-Latin_Jam5-09_0_03,Jive,1.4142135623730951,0,ChaChaCha
Media-103515_1_00,Jive,0.5,6,VienneseWaltz
Media-103714_3_04,Jive,2.0,0,ChaChaCha
Media-103515_2_00,Jive,0.5,6,VienneseWaltz
Media-103813_0_01,Jive,0.7071067811865476,5,Tango
Media-103714_4_03,Jive,1.4142135623730951,0,ChaChaCha
Albums-Latin_Jam4-05_2_01,Jive,0.7071067811865476,5,Tango
Media-103714_4_02,Jive,1.0,0,ChaChaCha
Media-103714_1_04,Jive,2.0,0,ChaChaCha
Albums-Latin_Jam4-05_3_00,Jive,0.5,5,Tango
Media-103813_2_03,Jive,1.4142135623730951,0,ChaChaCha
Albums-Latin_Jam4-05_2_04,Jive,2.0,0,ChaChaCha
Albums-Latin_Jam4-05_5_04,Jive,2.0,0,ChaChaCha
Albums-Latin_Jam5-09_4_04,Jive,2.0,0,ChaChaCha
Albums-Latin_Jam5-09_0_04,Jive,2.0,0,ChaChaCha
Media-103813_3_03,Jive,1.4142135623730951,0,ChaChaCha
Media-103813_1_00,Jive,0.5,6,VienneseWaltz
Media-103813_3_01,Jive,0.7071067811865476,5,Tango
Albums-Latin_Jam4-05_1_01,Jive,0.7071067811865476,0,ChaChaCha
Media-103714_3_03,Jive,1.4142135623730951,0,ChaChaCha
Media-103813_3_04,Jive,2.0,0,ChaChaCha
Albums-Latin_Jam5-09_1_01,Jive,0.7071067811865476,6,VienneseWaltz
Media-105614_0_04,Rumba,2.0,0,ChaChaCha
Media-105614_2_03,Rumba,1.4142135623730951,0,ChaChaCha
Albums-AnaBelen_Veneo-15_1_00,Rumba,0.5,7,Waltz
Albums-Latino_Latino-09_1_01,Rumba,0.7071067811865476,6,VienneseWaltz
Albums-AnaBelen_Veneo-15_2_04,Rumba,2.0,0,ChaChaCha
Albums-Latin_Jam4-13_2_00,Rumba,0.5,6,VienneseWaltz
Media-105412_3_00,Rumba,0.5,6,VienneseWaltz
Albums-Latino_Latino-09_3_04,Rumba,2.0,0,ChaChaCha
Albums-Latin_Jam4-13_2_01,Rumba,0.7071067811865476,0,ChaChaCha
Media-106119_1_01,Rumba,0.7071067811865476,6,VienneseWaltz
Media-106011_4_03,Rumba,1.4142135623730951,0,ChaChaCha
Media-105614_2_01,Rumba,0.7071067811865476,0,ChaChaCha
Media-105412_2_00,Rumba,0.5,6,VienneseWaltz
Media-106011_0_00,Rumba,0.5,7,Waltz
Albums-AnaBelen_Veneo-15_4_00,Rumba,0.5,7,Waltz
Media-105412_2_02,Rumba,1.0,6,VienneseWaltz
Albums-Latino_Latino-09_0_00,Rumba,0.5,5,Tango
Media-106011_4_01,Rumba,0.7071067811865476,6,VienneseWaltz
Media-105614_3_04,Rumba,2.0,0,ChaChaCha
Albums-AnaBelen_Veneo-15_3_00,Rumba,0.5,7,Waltz
Media-105614_5_01,Rumba,0.7071067811865476,3,Rumba
Media-105412_5_03,Rumba,1.4142135623730951,0,ChaChaCha
Media-105614_2_04,Rumba,2.0,0,ChaChaCha
Albums-Latin_Jam4-13_2_03,Rumba,1.4142135623730951,0,ChaChaCha
Albums-AnaBelen_Veneo-15_3_02,Rumba,1.0,5,Tango
Albums-Latino_Latino-09_2_03,Rumba,1.4142135623730951,0,ChaChaCha
Media-106011_5_00,Rumba,0.5,6,VienneseWaltz
Media-106119_1_03,Rumba,1.4142135623730951,0,ChaChaCha
Albums-Latin_Jam4-13_1_01,Rumba,0.7071067811865476,3,Rumba
Media-105412_0_03,Rumba,1.4142135623730951,0,ChaChaCha
Media-105412_0_04,Rumba,2.0,0,ChaChaCha
Media-106119_0_04,Rumba,2.0,0,ChaChaCha
Media-105614_2_00,Rumba,0.5,6,VienneseWaltz
Media-106011_4_02,Rumba,1.0,6,VienneseWaltz
Albums-Latino_Latino-09_0_04,Rumba,2.0,0,ChaChaCha
Media-105412_2_03,Rumba,1.4142135623730951,0,ChaChaCha
Albums-Latino_Latino-09_0_01,Rumba,0.7071067811865476,6,VienneseWaltz
Media-105412_4_04,Rumba,2.0,0,ChaChaCha
Albums-Latin_Jam4-13_3_02,Rumba,1.0,6,VienneseWaltz
Albums-Latin_Jam4-13_1_00,Rumba,0.5,6,VienneseWaltz
Media-106011_0_02,Rumba,1.0,7,Waltz
Media-106119_3_01,Rumba,0.7071067811865476,1,Jive
Media-105614_4_04,Rumba,2.0,0,ChaChaCha
Media-106011_4_04,Rumba,2.0,0,ChaChaCha
Albums-Latin_Jam4-13_4_02,Rumba,1.0,6,VienneseWaltz
Media-105412_4_01,Rumba,0.7071067811865476,6,VienneseWaltz
Albums-Latin_Jam4-13_1_02,Rumba,1.0,6,VienneseWaltz
Media-106119_0_02,Rumba,1.0,0,ChaChaCha
Media-105614_5_02,Rumba,1.0,6,VienneseWaltz
Albums-Latino_Latino-09_1_03,Rumba,1.4142135623730951,0,ChaChaCha
Media-106011_0_04,Rumba,2.0,0,ChaChaCha
Media-105614_2_02,Rumba,1.0,1,Jive
Albums-Latino_Latino-09_0_03,Rumba,1.4142135623730951,0,ChaChaCha
Media-106011_1_04,Rumba,2.0,0,ChaChaCha
Albums-Latin_Jam4-13_5_04,Rumba,2.0,0,ChaChaCha
Media-105614_4_03,Rumba,1.4142135623730951,0,ChaChaCha
Albums-Latino_Latino-09_3_03,Rumba,1.4142135623730951,0,ChaChaCha
Media-106119_3_04,Rumba,2.0,0,ChaChaCha
Albums-Latino_Latino-09_4_04,Rumba,2.0,0,ChaChaCha
Media-106011_5_02,Rumba,1.0,6,VienneseWaltz
Media-105412_4_00,Rumba,0.5,6,VienneseWaltz
Albums-Latin_Jam4-13_0_00,Rumba,0.5,6,VienneseWaltz
Albums-Latin_Jam4-13_3_01,Rumba,0.7071067811865476,3,Rumba
Albums-AnaBelen_Veneo-15_0_03,Rumba,1.4142135623730951,0,ChaChaCha
Media-106119_4_02,Rumba,1.0,5,Tango
Media-106119_0_03,Rumba,1.4142135623730951,0,ChaChaCha
Media-106119_4_00,Rumba,0.5,6,VienneseWaltz
Media-105614_1_00,Rumba,0.5,5,Tango
Albums-AnaBelen_Veneo-15_4_03,Rumba,1.4142135623730951,0,ChaChaCha
Media-105614_1_01,Rumba,0.7071067811865476,0,ChaChaCha
Albums-Latino_Latino-09_2_04,Rumba,2.0,0,ChaChaCha
Media-106119_4_01,Rumba,0.7071067811865476,6,VienneseWaltz
Albums-Latino_Latino-09_4_00,Rumba,0.5,6,VienneseWaltz
Albums-Latin_Jam4-13_4_04,Rumba,2.0,0,ChaChaCha
Media-106119_5_03,Rumba,1.4142135623730951,0,ChaChaCha
Media-106119_0_00,Rumba,0.5,6,VienneseWaltz
Media-105412_3_01,Rumba,0.7071067811865476,6,VienneseWaltz
Albums-AnaBelen_Veneo-15_3_04,Rumba,2.0,0,ChaChaCha
Media-105614_1_04,Rumba,2.0,0,ChaChaCha
Albums-Latin_Jam4-13_3_00,Rumba,0.5,3,Rumba
Media-105412_5_01,Rumba,0.7071067811865476,6,VienneseWaltz
Albums-AnaBelen_Veneo-15_2_03,Rumba,1.4142135623730951,0,ChaChaCha
Media-105412_1_02,Rumba,1.0,6,VienneseWaltz
Media-106011_2_04,Rumba,2.0,0,ChaChaCha
Media-105614_4_00,Rumba,0.5,6,VienneseWaltz
Media-106119_5_02,Rumba,1.0,5,Tango
Media-106119_2_03,Rumba,1.4142135623730951,0,ChaChaCha
Media-106119_3_02,Rumba,1.0,0,ChaChaCha
Media-106119_4_03,Rumba,1.4142135623730951,0,ChaChaCha
Albums-AnaBelen_Veneo-15_1_02,Rumba,1.0,7,Waltz
Media-106119_4_04,Rumba,2.0,0,ChaChaCha
Media-105614_0_02,Rumba,1.0,1,Jive
Media-106119_0_01,Rumba,0.7071067811865476,7,Waltz
Media-106119_5_04,Rumba,2.0,0,ChaChaCha
Media-106119_2_01,Rumba,0.7071067811865476,6,VienneseWaltz
Media-105614_0_03,Rumba,1.4142135623730951,0,ChaChaCha
Albums-AnaBelen_Veneo-15_0_01,Rumba,0.7071067811865476,7,Waltz
Media-105412_3_02,Rumba,1.0,6,VienneseWaltz
Albums-AnaBelen_Veneo-15_2_01,Rumba,0.7071067811865476,5,Tango
Media-105412_1_01,Rumba,0.7071067811865476,6,VienneseWaltz
Media-106011_1_03,Rumba,1.4142135623730951,0,ChaChaCha
Albums-Latino_Latino-09_2_00,Rumba,0.5,5,Tango
Albums-Latin_Jam4-13_5_03,Rumba,1.4142135623730951,0,ChaChaCha
Media-105614_5_03,Rumba,1.4142135623730951,0,ChaChaCha
Media-106011_5_03,Rumba,1.4142135623730951,0,ChaChaCha
Media-106011_2_03,Rumba,1.4142135623730951,0,ChaChaCha
Albums-AnaBelen_Veneo-15_4_04,Rumba,2.0,0,ChaChaCha
Media-105412_3_04,Rumba,2.0,0,ChaChaCha
Media-105412_5_02,Rumba,1.0,6,VienneseWaltz
Media-106011_3_04,Rumba,2.0,0,ChaChaCha
Media-106119_1_02,Rumba,1.0,5,Tango
Media-105614_5_00,Rumba,0.5,6,VienneseWaltz
Albums-AnaBelen_Veneo-15_3_03,Rumba,1.4142135623730951,0,ChaChaCha
Media-106011_1_01,Rumba,0.7071067811865476,7,Waltz
Albums-AnaBelen_Veneo-15_1_04,Rumba,2.0,0,ChaChaCha
Media-106011_2_02,Rumba,1.0,6,VienneseWaltz
Albums-Latino_Latino-09_1_00,Rumba,0.5,6,VienneseWaltz
Media-106011_3_03,Rumba,1.4142135623730951,0,ChaChaCha
Albums-Latino_Latino-09_1_04,Rumba,2.0,0,ChaChaCha
Albums-AnaBelen_Veneo-15_0_00,Rumba,0.5,7,Waltz
Albums-AnaBelen_Veneo-15_1_01,Rumba,0.7071067811865476,7,Waltz
Media-105614_3_01,Rumba,0.7071067811865476,0,ChaChaCha
Albums-Latin_Jam4-13_1_04,Rumba,2.0,0,ChaChaCha
Albums-AnaBelen_Veneo-15_0_02,Rumba,1.0,7,Waltz
Media-106119_2_04,Rumba,2.0,0,ChaChaCha
Albums-AnaBelen_Veneo-15_1_03,Rumba,1.4142135623730951,0,ChaChaCha
Media-106011_4_00,Rumba,0.5,6,VienneseWaltz
Media-105412_4_02,Rumba,1.0,6,VienneseWaltz
Albums-Latino_Latino-09_0_02,Rumba,1.0,2,Quickstep
Albums-Latin_Jam4-13_0_02,Rumba,1.0,6,VienneseWaltz
Media-105412_2_04,Rumba,2.0,0,ChaChaCha
Media-106119_3_00,Rumba,0.5,6,VienneseWaltz
Media-106119_1_00,Rumba,0.5,6,VienneseWaltz
Media-105412_0_01,Rumba,0.7071067811865476,6,VienneseWaltz
Albums-Latin_Jam4-13_3_04,Rumba,2.0,0,ChaChaCha
Albums-AnaBelen_Veneo-15_4_01,Rumba,0.7071067811865476,5,Tango
Media-106011_2_00,Rumba,0.5,7,Waltz
Media-106011_5_01,Rumba,0.7071067811865476,6,VienneseWaltz
Albums-Latin_Jam4-13_0_01,Rumba,0.7071067811865476,0,ChaChaCha
Media-106011_0_01,Rumba,0.7071067811865476,7,Waltz
Media-106119_5_01,Rumba,0.7071067811865476,6,VienneseWaltz
Albums-Latin_Jam4-13_0_03,Rumba,1.4142135623730951,0,ChaChaCha
Albums-AnaBelen_Veneo-15_2_00,Rumba,0.5,6,VienneseWaltz
Albums-AnaBelen_Veneo-15_4_02,Rumba,1.0,7,Waltz
Albums-Latino_Latino-09_4_01,Rumba,0.7071067811865476,6,VienneseWaltz
Media-106119_3_03,Rumba,1.4142135623730951,0,ChaChaCha
Albums-Latin_Jam4-13_4_01,Rumba,0.7071067811865476,6,VienneseWaltz
Albums-Latin_Jam4-13_1_03,Rumba,1.4142135623730951,0,ChaChaCha
Media-106119_5_00,Rumba,0.5,6,VienneseWaltz
Media-105614_0_00,Rumba,0.5,6,VienneseWaltz
Media-105412_3_03,Rumba,1.4142135623730951,0,ChaChaCha
Media-106011_0_03,Rumba,1.4142135623730951,0,ChaChaCha
Media-105412_2_01,Rumba,0.7071067811865476,6,VienneseWaltz
Albums-Latin_Jam4-13_0_04,Rumba,2.0,0,ChaChaCha
Media-105614_1_02,Rumba,1.0,1,Jive
Media-105412_1_03,Rumba,1.4142135623730951,0,ChaChaCha
Media-105614_4_02,Rumba,1.0,1,Jive
Albums-AnaBelen_Veneo-15_2_02,Rumba,1.0,6,VienneseWaltz
Media-106011_5_04,Rumba,2.0,0,ChaChaCha
Media-106011_3_00,Rumba,0.5,7,Waltz
Media-105614_4_01,Rumba,0.7071067811865476,5,Tango
Media-105614_1_03,Rumba,1.4142135623730951,0,ChaChaCha
Albums-Latin_Jam4-13_5_00,Rumba,0.5,7,Waltz
Media-105412_4_03,Rumba,1.4142135623730951,0,ChaChaCha
Media-105614_3_03,Rumba,1.4142135623730951,0,ChaChaCha
Media-106011_3_02,Rumba,1.0,6,VienneseWaltz
Albums-AnaBelen_Veneo-15_3_01,Rumba,0.7071067811865476,5,Tango
Albums-Latino_Latino-09_1_02,Rumba,1.0,6,VienneseWaltz
Albums-Latin_Jam4-13_2_02,Rumba,1.0,6,VienneseWaltz
Albums-Latin_Jam4-13_4_00,Rumba,0.5,5,Tango
Albums-Latino_Latino-09_4_02,Rumba,1.0,2,Quickstep
Media-105412_0_02,Rumba,1.0,5,Tango
Media-105412_5_04,Rumba,2.0,0,ChaChaCha
Media-105614_3_02,Rumba,1.0,6,VienneseWaltz
Albums-Latin_Jam4-13_5_02,Rumba,1.0,3,Rumba
Albums-Latin_Jam4-13_3_03,Rumba,1.4142135623730951,0,ChaChaCha
Media-105614_0_01,Rumba,0.7071067811865476,7,Waltz
Albums-Latino_Latino-09_3_00,Rumba,0.5,6,VienneseWaltz
Media-106011_2_01,Rumba,0.7071067811865476,6,VienneseWaltz
Media-106119_2_00,Rumba,0.5,6,VienneseWaltz
Media-106011_1_00,Rumba,0.5,7,Waltz
Media-106119_1_04,Rumba,2.0,0,ChaChaCha
Media-105412_0_00,Rumba,0.5,6,VienneseWaltz
Media-105614_3_00,Rumba,0.5,6,VienneseWaltz
Albums-Latin_Jam4-13_4_03,Rumba,1.4142135623730951,0,ChaChaCha
Albums-Latino_Latino-09_2_02,Rumba,1.0,2,Quickstep
Albums-Latino_Latino-09_3_01,Rumba,0.7071067811865476,6,VienneseWaltz
Albums-Latino_Latino-09_4_03,Rumba,1.4142135623730951,0,ChaChaCha
Albums-AnaBelen_Veneo-15_0_04,Rumba,2.0,0,ChaChaCha
Albums-Latino_Latino-09_2_01,Rumba,0.7071067811865476,6,VienneseWaltz
Albums-Latin_Jam4-13_2_04,Rumba,2.0,0,ChaChaCha
Media-106011_3_01,Rumba,0.7071067811865476,7,Waltz
Media-105412_5_00,Rumba,0.5,6,VienneseWaltz
Media-105412_1_04,Rumba,2.0,0,ChaChaCha
Media-106119_2_02,Rumba,1.0,3,Rumba
Albums-Latin_Jam4-13_5_01,Rumba,0.7071067811865476,3,Rumba
Media-105614_5_04,Rumba,2.0,0,ChaChaCha
Media-105412_1_00,Rumba,0.5,6,VienneseWaltz
Media-106011_1_02,Rumba,1.0,6,VienneseWaltz
Albums-Latino_Latino-09_3_02,Rumba,1.0,2,Quickstep
Albums-Chrisanne1-13_3_04,Quickstep,2.0,0,ChaChaCha
Albums-Chrisanne1-13_3_01,Quickstep,0.7071067811865476,5,Tango
Albums-Step_By_Step-17_1_00,Quickstep,0.5,6,VienneseWaltz
Albums-Chrisanne1-13_2_01,Quickstep,0.7071067811865476,7,Waltz
Media-104917_1_04,Quickstep,2.0,0,ChaChaCha
Media-104615_4_01,Quickstep,0.7071067811865476,6,VienneseWaltz
Albums-Chrisanne1-13_2_03,Quickstep,1.4142135623730951,0,ChaChaCha
Media-104615_1_01,Quickstep,0.7071067811865476,7,Waltz
Albums-Step_By_Step-17_2_04,Quickstep,2.0,0,ChaChaCha
Media-104917_5_02,Quickstep,1.0,6,VienneseWaltz
Albums-Chrisanne1-13_1_01,Quickstep,0.7071067811865476,7,Waltz
Media-104815_2_03,Quickstep,1.4142135623730951,0,ChaChaCha
Albums-Step_By_Step-17_5_00,Quickstep,0.5,6,VienneseWaltz
Albums-Step_By_Step-17_4_04,Quickstep,2.0,0,ChaChaCha
Albums-Step_By_Step-17_1_03,Quickstep,1.4142135623730951,0,ChaChaCha
Albums-Step_By_Step-17_1_04,Quickstep,2.0,0,ChaChaCha
Media-104917_0_04,Quickstep,2.0,0,ChaChaCha
Media-104615_1_03,Quickstep,1.4142135623730951,0,ChaChaCha
Albums-Chrisanne1-13_2_00,Quickstep,0.5,7,Waltz
Albums-Step_By_Step-17_2_03,Quickstep,1.4142135623730951,0,ChaChaCha
Media-105315_4_00,Quickstep,0.5,5,Tango
Media-104615_2_03,Quickstep,1.4142135623730951,0,ChaChaCha
Albums-Chrisanne1-13_1_02,Quickstep,1.0,6,VienneseWaltz
Albums-Chrisanne1-13_0_02,Quickstep,1.0,6,VienneseWaltz
Media-104917_1_02,Quickstep,1.0,6,VienneseWaltz
Albums-Chrisanne1-13_4_03,Quickstep,1.4142135623730951,0,ChaChaCha
Media-104615_0_02,Quickstep,1.0,7,Waltz
Media-104917_4_00,Quickstep,0.5,6,VienneseWaltz
Media-105315_2_04,Quickstep,2.0,0,ChaChaCha
Albums-Chrisanne1-13_4_01,Quickstep,0.7071067811865476,5,Tango
Media-104615_4_02,Quickstep,1.0,2,Quickstep
Albums-Step_By_Step-17_5_01,Quickstep,0.7071067811865476,6,VienneseWaltz
Media-105315_0_01,Quickstep,0.7071067811865476,5,Tango
Albums-Step_By_Step-17_4_02,Quickstep,1.0,6,VienneseWaltz
Media-105315_0_03,Quickstep,1.4142135623730951,0,ChaChaCha
Media-104615_1_02,Quickstep,1.0,7,Waltz
Media-105315_1_04,Quickstep,2.0,0,ChaChaCha
Media-104917_3_01,Quickstep,0.7071067811865476,6,VienneseWaltz
Albums-Step_By_Step-17_1_02,Quickstep,1.0,2,Quickstep
Albums-Step_By_Step-17_0_04,Quickstep,2.0,0,ChaChaCha
Media-104815_4_02,Quickstep,1.0,6,VienneseWaltz
Media-104815_2_04,Quickstep,2.0,0,ChaChaCha
Media-104815_1_04,Quickstep,2.0,0,ChaChaCha
Albums-Chrisanne1-13_5_00,Quickstep,0.5,7,Waltz
Albums-Chrisanne1-13_1_04,Quickstep,2.0,0,ChaChaCha
Albums-Step_By_Step-17_3_03,Quickstep,1.4142135623730951,0,ChaChaCha
Media-104815_0_02,Quickstep,1.0,6,VienneseWaltz
Albums-Step_By_Step-17_3_02,Quickstep,1.0,6,VienneseWaltz
Media-104917_3_00,Quickstep,0.5,6,VienneseWaltz
Albums-Step_By_Step-17_0_03,Quickstep,1.4142135623730951,0,ChaChaCha
Media-104615_3_02,Quickstep,1.0,5,Tango
Media-104615_0_01,Quickstep,0.7071067811865476,7,Waltz
Albums-Chrisanne1-13_3_00,Quickstep,0.5,7,Waltz
Media-104917_3_04,Quickstep,2.0,0,ChaChaCha
Media-105315_2_02,Quickstep,1.0,6,VienneseWaltz
Media-104815_5_01,Quickstep,0.7071067811865476,5,Tango
Media-104615_0_00,Quickstep,0.5,7,Waltz
Media-104615_0_04,Quickstep,2.0,0,ChaChaCha
Media-104615_3_00,Quickstep,0.5,7,Waltz
Media-104917_2_01,Quickstep,0.7071067811865476,2,Quickstep
Media-105315_5_01,Quickstep,0.7071067811865476,5,Tango
Media-105315_1_01,Quickstep,0.7071067811865476,5,Tango
Media-104815_4_03,Quickstep,1.4142135623730951,0,ChaChaCha
Media-104815_1_03,Quickstep,1.4142135623730951,0,ChaChaCha
Albums-Chrisanne1-13_5_01,Quickstep,0.7071067811865476,6,VienneseWaltz
Albums-Chrisanne1-13_5_03,Quickstep,1.4142135623730951,0,ChaChaCha
Media-105315_0_02,Quickstep,1.0,6,VienneseWaltz
Media-105315_5_03,Quickstep,1.4142135623730951,0,ChaChaCha
Media-104917_0_01,Quickstep,0.7071067811865476,6,VienneseWaltz
Media-104615_5_01,Quickstep,0.7071067811865476,5,Tango
Media-104815_5_03,Quickstep,1.4142135623730951,0,ChaChaCha
Media-104815_4_01,Quickstep,0.7071067811865476,5,Tango
Media-105315_2_00,Quickstep,0.5,6,VienneseWaltz
Media-104615_5_02,Quickstep,1.0,2,Quickstep
Media-104917_5_03,Quickstep,1.4142135623730951,0,ChaChaCha
Media-104917_2_02,Quickstep,1.0,6,VienneseWaltz
Media-105315_3_04,Quickstep,2.0,0,ChaChaCha
Media-104815_2_00,Quickstep,0.5,5,Tango
Media-104815_3_04,Quickstep,2.0,0,ChaChaCha
Albums-Chrisanne1-13_5_04,Quickstep,2.0,0,ChaChaCha
Media-105315_3_01,Quickstep,0.7071067811865476,5,Tango
Albums-Chrisanne1-13_4_02,Quickstep,1.0,6,VienneseWaltz
Albums-Step_By_Step-17_5_04,Quickstep,2.0,0,ChaChaCha
Media-104615_4_04,Quickstep,2.0,0,ChaChaCha
Media-105315_1_00,Quickstep,0.5,5,Tango
Media-104815_0_00,Quickstep,0.5,5,Tango
Media-104615_1_00,Quickstep,0.5,7,Waltz
Media-104815_3_03,Quickstep,1.4142135623730951,0,ChaChaCha
Media-105315_2_03,Quickstep,1.4142135623730951,0,ChaChaCha
Media-104815_4_00,Quickstep,0.5,6,VienneseWaltz
Media-104615_2_01,Quickstep,0.7071067811865476,5,Tango
Media-104917_4_03,Quickstep,1.4142135623730951,0,ChaChaCha
Albums-Chrisanne1-13_2_04,Quickstep,2.0,0,ChaChaCha
Media-104815_4_04,Quickstep,2.0,0,ChaChaCha
Media-105315_3_03,Quickstep,1.4142135623730951,0,ChaChaCha
Media-105315_4_03,Quickstep,1.4142135623730951,0,ChaChaCha
Media-104917_2_04,Quickstep,2.0,0,ChaChaCha
Media-104615_2_00,Quickstep,0.5,7,Waltz
Albums-Step_By_Step-17_0_00,Quickstep,0.5,6,VienneseWaltz
Media-104917_3_03,Quickstep,1.4142135623730951,0,ChaChaCha
Albums-Chrisanne1-13_2_02,Quickstep,1.0,6,VienneseWaltz
Media-104815_5_04,Quickstep,2.0,0,ChaChaCha
Media-104615_4_00,Quickstep,0.5,5,Tango
Media-104917_5_00,Quickstep,0.5,6,VienneseWaltz
Albums-Chrisanne1-13_3_03,Quickstep,1.4142135623730951,0,ChaChaCha
Media-104815_0_03,Quickstep,1.4142135623730951,0,ChaChaCha
Media-104815_3_00,Quickstep,0.5,6,VienneseWaltz
Media-105315_3_00,Quickstep,0.5,6,VienneseWaltz
Albums-Step_By_Step-17_3_01,Quickstep,0.7071067811865476,6,VienneseWaltz
Media-104917_0_03,Quickstep,1.4142135623730951,0,ChaChaCha
Media-104815_0_04,Quickstep,2.0,0,ChaChaCha
Media-105315_3_02,Quickstep,1.0,6,VienneseWaltz
Albums-Step_By_Step-17_4_00,Quickstep,0.5,6,VienneseWaltz
Media-104815_1_02,Quickstep,1.0,6,VienneseWaltz
Media-104917_0_00,Quickstep,0.5,6,VienneseWaltz
Media-104815_0_01,Quickstep,0.7071067811865476,5,Tango
Albums-Chrisanne1-13_0_04,Quickstep,2.0,0,ChaChaCha
Albums-Chrisanne1-13_4_04,Quickstep,2.0,0,ChaChaCha
Albums-Chrisanne1-13_1_03,Quickstep,1.4142135623730951,0,ChaChaCha
Albums-Chrisanne1-13_0_01,Quickstep,0.7071067811865476,6,VienneseWaltz
Media-105315_5_00,Quickstep,0.5,5,Tango
Media-104815_1_00,Quickstep,0.5,5,Tango
Albums-Step_By_Step-17_0_01,Quickstep,0.7071067811865476,5,Tango
Albums-Chrisanne1-13_3_02,Quickstep,1.0,2,Quickstep
Albums-Step_By_Step-17_2_01,Quickstep,0.7071067811865476,6,VienneseWaltz
Albums-Step_By_Step-17_4_01,Quickstep,0.7071067811865476,6,VienneseWaltz
Media-105315_1_03,Quickstep,1.4142135623730951,0,ChaChaCha
Media-104917_2_00,Quickstep,0.5,6,VienneseWaltz
Albums-Chrisanne1-13_0_00,Quickstep,0.5,6,VienneseWaltz
Media-104815_5_02,Quickstep,1.0,6,VienneseWaltz
Media-105315_5_02,Quickstep,1.0,6,VienneseWaltz
Albums-Chrisanne1-13_4_00,Quickstep,0.5,7,Waltz
Media-105315_4_04,Quickstep,2.0,0,ChaChaCha
Media-104815_3_01,Quickstep,0.7071067811865476,5,Tango
Media-104615_2_04,Quickstep,2.0,0,ChaChaCha
Albums-Step_By_Step-17_1_01,Quickstep,0.7071067811865476,6,VienneseWaltz
Media-104815_2_01,Quickstep,0.7071067811865476,6,VienneseWaltz
Media-105315_0_04,Quickstep,2.0,0,ChaChaCha
Media-104615_5_04,Quickstep,2.0,0,ChaChaCha
Media-105315_4_01,Quickstep,0.7071067811865476,5,Tango
Albums-Step_By_Step-17_4_03,Quickstep,1.4142135623730951,0,ChaChaCha
Media-104917_5_01,Quickstep,0.7071067811865476,6,VienneseWaltz
Media-105315_1_02,Quickstep,1.0,6,VienneseWaltz
Media-104917_5_04,Quickstep,2.0,0,ChaChaCha
Albums-Chrisanne1-13_5_02,Quickstep,1.0,5,Tango
Albums-Step_By_Step-17_0_02,Quickstep,1.0,6,VienneseWaltz
Media-104615_3_03,Quickstep,1.4142135623730951,0,ChaChaCha
Media-104815_1_01,Quickstep,0.7071067811865476,5,Tango
Media-104615_5_00,Quickstep,0.5,7,Waltz
Media-104917_4_02,Quickstep,1.0,6,VienneseWaltz
Media-104615_4_03,Quickstep,1.4142135623730951,0,ChaChaCha
Media-104815_3_02,Quickstep,1.0,6,VienneseWaltz
Media-104917_1_00,Quickstep,0.5,6,VienneseWaltz
Media-104615_3_04,Quickstep,2.0,0,ChaChaCha
Albums-Step_By_Step-17_2_02,Quickstep,1.0,6,VienneseWaltz
Albums-Step_By_Step-17_3_04,Quickstep,2.0,0,ChaChaCha
Albums-Step_By_Step-17_3_00,Quickstep,0.5,5,Tango
Media-104917_1_03,Quickstep,1.4142135623730951,0,ChaChaCha
Media-104917_2_03,Quickstep,1.4142135623730951,0,ChaChaCha
Media-104917_3_02,Quickstep,1.0,2,Quickstep
Media-105315_2_01,Quickstep,0.7071067811865476,6,VienneseWaltz
Media-104917_4_01,Quickstep,0.7071067811865476,6,VienneseWaltz
Media-104815_2_02,Quickstep,1.0,6,VienneseWaltz
Media-104615_0_03,Quickstep,1.4142135623730951,0,ChaChaCha
Media-104917_0_02,Quickstep,1.0,6,VienneseWaltz
Albums-Step_By_Step-17_2_00,Quickstep,0.5,6,VienneseWaltz
Media-104615_2_02,Quickstep,1.0,2,Quickstep
Media-104917_1_01,Quickstep,0.7071067811865476,6,VienneseWaltz
Media-105315_0_00,Quickstep,0.5,6,VienneseWaltz
Media-104615_3_01,Quickstep,0.7071067811865476,7,Waltz
Media-104815_5_00,Quickstep,0.5,6,VienneseWaltz
Albums-Chrisanne1-13_1_00,Quickstep,0.5,7,Waltz
Albums-Step_By_Step-17_5_03,Quickstep,1.4142135623730951,0,ChaChaCha
Albums-Chrisanne1-13_0_03,Quickstep,1.4142135623730951,0,ChaChaCha
Media-104615_1_04,Quickstep,2.0,0,ChaChaCha
Media-105315_4_02,Quickstep,1.0,5,Tango
Albums-Step_By_Step-17_5_02,Quickstep,1.0,5,Tango
Media-104615_5_03,Quickstep,1.4142135623730951,0,ChaChaCha
Media-105315_5_04,Quickstep,2.0,0,ChaChaCha
Media-104917_4_04,Quickstep,2.0,0,ChaChaCha
Albums-StrictlyDancing_Tango-03_1_02,Tango,1.0,5,Tango
Media-104306_1_01,Tango,0.7071067811865476,5,Tango
Media-104709_2_00,Tango,0.5,5,Tango
Media-104709_3_02,Tango,1.0,2,Quickstep
Albums-Ballroom_Magic-06_4_00,Tango,0.5,6,VienneseWaltz
Media-104709_2_03,Tango,1.4142135623730951,0,ChaChaCha
Albums-StrictlyDancing_Tango-07_3_02,Tango,1.0,5,Tango
Media-104207_3_00,Tango,0.5,5,Tango
Media-105507_1_04,Tango,2.0,0,ChaChaCha
Albums-Ballroom_Magic-06_4_03,Tango,1.4142135623730951,0,ChaChaCha
Media-104709_0_04,Tango,2.0,0,ChaChaCha
Albums-Ballroom_Magic-06_1_02,Tango,1.0,6,VienneseWaltz
Media-104207_3_03,Tango,1.4142135623730951,0,ChaChaCha
Albums-Ballroom_Magic-06_0_03,Tango,1.4142135623730951,0,ChaChaCha
Albums-StrictlyDancing_Tango-03_0_04,Tango,2.0,0,ChaChaCha
Media-105507_5_00,Tango,0.5,7,Waltz
Media-104207_4_00,Tango,0.5,6,VienneseWaltz
Media-104709_5_01,Tango,0.7071067811865476,6,VienneseWaltz
Albums-StrictlyDancing_Tango-07_2_04,Tango,2.0,0,ChaChaCha
Media-104207_4_04,Tango,2.0,0,ChaChaCha
Media-105507_3_00,Tango,0.5,6,VienneseWaltz
Albums-StrictlyDancing_Tango-03_2_03,Tango,1.4142135623730951,0,ChaChaCha
Media-104306_3_01,Tango,0.7071067811865476,6,VienneseWaltz
Albums-StrictlyDancing_Tango-03_0_01,Tango,0.7071067811865476,6,VienneseWaltz
Media-104207_2_03,Tango,1.4142135623730951,0,ChaChaCha
Media-104306_4_00,Tango,0.5,6,VienneseWaltz
Media-104709_2_04,Tango,2.0,0,ChaChaCha
Albums-Ballroom_Magic-06_1_03,Tango,1.4142135623730951,0,ChaChaCha
Media-104207_4_01,Tango,0.7071067811865476,6,VienneseWaltz
Media-104306_3_04,Tango,2.0,0,ChaChaCha
Albums-Ballroom_Magic-06_2_01,Tango,0.7071067811865476,6,VienneseWaltz
Media-104207_5_02,Tango,1.0,6,VienneseWaltz
Albums-StrictlyDancing_Tango-03_3_03,Tango,1.4142135623730951,0,ChaChaCha
Media-104306_4_02,Tango,1.0,6,VienneseWaltz
Albums-Ballroom_Magic-06_1_04,Tango,2.0,0,ChaChaCha
Media-104207_5_00,Tango,0.5,6,VienneseWaltz
Albums-StrictlyDancing_Tango-03_1_03,Tango,1.4142135623730951,0,ChaChaCha
Media-105507_3_02,Tango,1.0,6,VienneseWaltz
Albums-StrictlyDancing_Tango-03_4_04,Tango,2.0,0,ChaChaCha
Media-104306_0_03,Tango,1.4142135623730951,0,ChaChaCha
Albums-StrictlyDancing_Tango-07_0_03,Tango,1.4142135623730951,0,ChaChaCha
Media-104207_5_01,Tango,0.7071067811865476,6,VienneseWaltz
Albums-StrictlyDancing_Tango-07_0_02,Tango,1.0,6,VienneseWaltz
Media-104306_5_02,Tango,1.0,6,VienneseWaltz
Albums-StrictlyDancing_Tango-07_3_01,Tango,0.7071067811865476,5,Tango
Albums-Ballroom_Magic-06_3_00,Tango,0.5,6,VienneseWaltz
Media-104709_5_04,Tango,2.0,0,ChaChaCha
Media-104207_0_04,Tango,2.0,0,ChaChaCha
Media-104306_4_04,Tango,2.0,0,ChaChaCha
Media-104306_0_04,Tango,2.0,0,ChaChaCha
Media-105507_4_01,Tango,0.7071067811865476,6,VienneseWaltz
Albums-StrictlyDancing_Tango-07_0_00,Tango,0.5,5,Tango
Albums-Ballroom_Magic-06_2_03,Tango,1.4142135623730951,0,ChaChaCha
Albums-StrictlyDancing_Tango-03_3_02,Tango,1.0,5,Tango
Albums-StrictlyDancing_Tango-03_0_00,Tango,0.5,6,VienneseWaltz
Albums-StrictlyDancing_Tango-07_4_01,Tango,0.7071067811865476,6,VienneseWaltz
Albums-Ballroom_Magic-06_3_01,Tango,0.7071067811865476,6,VienneseWaltz
Media-104306_0_02,Tango,1.0,6,VienneseWaltz
Albums-Ballroom_Magic-06_3_02,Tango,1.0,6,VienneseWaltz
Media-105507_4_02,Tango,1.0,6,VienneseWaltz
Albums-StrictlyDancing_Tango-07_2_03,Tango,1.4142135623730951,0,ChaChaCha
Media-104709_5_03,Tango,1.4142135623730951,0,ChaChaCha
Media-104207_5_04,Tango,2.0,0,ChaChaCha
Media-104709_3_04,Tango,2.0,0,ChaChaCha
Albums-Ballroom_Magic-06_5_00,Tango,0.5,6,VienneseWaltz
Media-104207_4_03,Tango,1.4142135623730951,0,ChaChaCha
Media-104709_0_03,Tango,1.4142135623730951,0,ChaChaCha
Media-104207_1_01,Tango,0.7071067811865476,5,Tango
Media-105507_2_00,Tango,0.5,6,VienneseWaltz
Media-104306_2_01,Tango,0.7071067811865476,5,Tango
Media-105507_0_01,Tango,0.7071067811865476,5,Tango
Albums-StrictlyDancing_Tango-07_2_01,Tango,0.7071067811865476,5,Tango
Media-104207_2_02,Tango,1.0,2,Quickstep
Albums-StrictlyDancing_Tango-03_1_01,Tango,0.7071067811865476,6,VienneseWaltz
Media-105507_3_01,Tango,0.7071067811865476,6,VienneseWaltz
Media-104207_2_00,Tango,0.5,6,VienneseWaltz
Albums-StrictlyDancing_Tango-07_2_02,Tango,1.0,5,Tango
Media-104709_4_04,Tango,2.0,0,ChaChaCha
Albums-Ballroom_Magic-06_5_04,Tango,2.0,0,ChaChaCha
Media-104207_2_04,Tango,2.0,0,ChaChaCha
Albums-StrictlyDancing_Tango-03_1_04,Tango,2.0,0,ChaChaCha
Media-104709_2_02,Tango,1.0,5,Tango
Media-104306_5_01,Tango,0.7071067811865476,5,Tango
Media-104709_3_03,Tango,1.4142135623730951,0,ChaChaCha
Media-104709_5_00,Tango,0.5,7,Waltz
Media-104207_3_02,Tango,1.0,5,Tango
Media-104709_0_00,Tango,0.5,5,Tango
Media-104207_3_04,Tango,2.0,0,ChaChaCha
Media-105507_5_01,Tango,0.7071067811865476,5,Tango
Media-104306_0_01,Tango,0.7071067811865476,6,VienneseWaltz
Media-105507_5_04,Tango,2.0,0,ChaChaCha
Media-104207_0_03,Tango,1.4142135623730951,0,ChaChaCha
Media-105507_0_03,Tango,1.4142135623730951,0,ChaChaCha
Media-104306_0_00,Tango,0.5,6,VienneseWaltz
Albums-StrictlyDancing_Tango-07_1_04,Tango,2.0,0,ChaChaCha
Albums-Ballroom_Magic-06_0_01,Tango,0.7071067811865476,6,VienneseWaltz
Media-104207_0_00,Tango,0.5,7,Waltz
Albums-StrictlyDancing_Tango-07_1_03,Tango,1.4142135623730951,0,ChaChaCha
Albums-StrictlyDancing_Tango-03_2_02,Tango,1.0,5,Tango
Albums-StrictlyDancing_Tango-07_4_00,Tango,0.5,6,VienneseWaltz
Albums-Ballroom_Magic-06_5_02,Tango,1.0,6,VienneseWaltz
Albums-Ballroom_Magic-06_2_00,Tango,0.5,6,VienneseWaltz
Media-104306_5_04,Tango,2.0,0,ChaChaCha
Albums-Ballroom_Magic-06_5_01,Tango,0.7071067811865476,6,VienneseWaltz
Albums-StrictlyDancing_Tango-07_0_04,Tango,2.0,0,ChaChaCha
Media-105507_0_00,Tango,0.5,6,VienneseWaltz
Albums-StrictlyDancing_Tango-03_0_02,Tango,1.0,6,VienneseWaltz
Albums-StrictlyDancing_Tango-03_4_02,Tango,1.0,6,VienneseWaltz
Albums-StrictlyDancing_Tango-03_2_04,Tango,2.0,0,ChaChaCha
Media-104306_2_03,Tango,1.4142135623730951,0,ChaChaCha
Media-104709_0_01,Tango,0.7071067811865476,5,Tango
Media-104306_2_04,Tango,2.0,0,ChaChaCha
Media-104207_4_02,Tango,1.0,6,VienneseWaltz
Media-105507_4_04,Tango,2.0,0,ChaChaCha
Media-104207_1_03,Tango,1.4142135623730951,0,ChaChaCha
Media-105507_1_03,Tango,1.4142135623730951,0,ChaChaCha
Albums-StrictlyDancing_Tango-03_0_03,Tango,1.4142135623730951,0,ChaChaCha
Media-104306_4_01,Tango,0.7071067811865476,6,VienneseWaltz
Albums-StrictlyDancing_Tango-07_4_03,Tango,1.4142135623730951,0,ChaChaCha
Albums-StrictlyDancing_Tango-03_1_00,Tango,0.5,6,VienneseWaltz
Media-104709_1_04,Tango,2.0,0,ChaChaCha
Albums-StrictlyDancing_Tango-07_1_01,Tango,0.7071067811865476,5,Tango
Media-104306_3_03,Tango,1.4142135623730951,0,ChaChaCha
Albums-Ballroom_Magic-06_4_01,Tango,0.7071067811865476,6,VienneseWaltz
Media-104207_1_04,Tango,2.0,0,ChaChaCha
Albums-StrictlyDancing_Tango-07_4_02,Tango,1.0,5,Tango
Albums-Ballroom_Magic-06_4_04,Tango,2.0,0,ChaChaCha
Media-105507_0_04,Tango,2.0,0,ChaChaCha
Media-104306_2_00,Tango,0.5,6,VienneseWaltz
Media-104709_3_01,Tango,0.7071067811865476,5,Tango
Media-105507_2_03,Tango,1.4142135623730951,0,ChaChaCha
Media-105507_2_01,Tango,0.7071067811865476,5,Tango
Albums-Ballroom_Magic-06_1_01,Tango,0.7071067811865476,6,VienneseWaltz
Albums-StrictlyDancing_Tango-03_4_03,Tango,1.4142135623730951,0,ChaChaCha
Media-105507_3_03,Tango,1.4142135623730951,0,ChaChaCha
Media-105507_3_04,Tango,2.0,0,ChaChaCha
Media-104306_1_03,Tango,1.4142135623730951,0,ChaChaCha
Media-105507_1_02,Tango,1.0,5,Tango
Albums-Ballroom_Magic-06_2_04,Tango,2.0,0,ChaChaCha
Media-104306_1_00,Tango,0.5,5,Tango
Media-104207_2_01,Tango,0.7071067811865476,5,Tango
Media-104207_1_02,Tango,1.0,6,VienneseWaltz
Media-105507_4_00,Tango,0.5,6,VienneseWaltz
Albums-StrictlyDancing_Tango-03_4_01,Tango,0.7071067811865476,5,Tango
Media-104709_3_00,Tango,0.5,5,Tango
Albums-StrictlyDancing_Tango-03_2_00,Tango,0.5,6,VienneseWaltz
Albums-StrictlyDancing_Tango-07_4_04,Tango,2.0,0,ChaChaCha
Albums-Ballroom_Magic-06_3_04,Tango,2.0,0,ChaChaCha
Albums-Ballroom_Magic-06_4_02,Tango,1.0,6,VienneseWaltz
Albums-StrictlyDancing_Tango-07_1_00,Tango,0.5,5,Tango
Media-104306_4_03,Tango,1.4142135623730951,0,ChaChaCha
Media-105507_0_02,Tango,1.0,6,VienneseWaltz
Albums-Ballroom_Magic-06_0_00,Tango,0.5,6,VienneseWaltz
Albums-StrictlyDancing_Tango-03_2_01,Tango,0.7071067811865476,5,Tango
Media-105507_5_02,Tango,1.0,6,VienneseWaltz
Media-105507_1_00,Tango,0.5,5,Tango
Media-104207_1_00,Tango,0.5,5,Tango
Albums-StrictlyDancing_Tango-07_3_04,Tango,2.0,0,ChaChaCha
Media-104709_1_01,Tango,0.7071067811865476,5,Tango
Media-104709_4_02,Tango,1.0,6,VienneseWaltz
Media-104207_3_01,Tango,0.7071067811865476,5,Tango
Albums-Ballroom_Magic-06_3_03,Tango,1.4142135623730951,0,ChaChaCha
Albums-StrictlyDancing_Tango-07_3_00,Tango,0.5,5,Tango
Media-104709_4_01,Tango,0.7071067811865476,5,Tango
Media-105507_1_01,Tango,0.7071067811865476,5,Tango
Media-104709_4_03,Tango,1.4142135623730951,0,ChaChaCha
Media-105507_4_03,Tango,1.4142135623730951,0,ChaChaCha
Media-104207_0_02,Tango,1.0,6,VienneseWaltz
Albums-Ballroom_Magic-06_5_03,Tango,1.4142135623730951,0,ChaChaCha
Media-104709_1_03,Tango,1.4142135623730951,0,ChaChaCha
Media-105507_2_04,Tango,2.0,0,ChaChaCha
Media-104306_1_02,Tango,1.0,2,Quickstep
Albums-StrictlyDancing_Tango-03_4_00,Tango,0.5,6,VienneseWaltz
Media-104207_0_01,Tango,0.7071067811865476,5,Tango
Media-105507_5_03,Tango,1.4142135623730951,0,ChaChaCha
Media-104709_5_02,Tango,1.0,7,Waltz
Media-105507_2_02,Tango,1.0,6,VienneseWaltz
Media-104709_0_02,Tango,1.0,5,Tango
Albums-StrictlyDancing_Tango-03_3_00,Tango,0.5,6,VienneseWaltz
Media-104306_5_00,Tango,0.5,5,Tango
Media-104207_5_03,Tango,1.4142135623730951,0,ChaChaCha
Albums-StrictlyDancing_Tango-03_3_04,Tango,2.0,0,ChaChaCha
Media-104709_1_02,Tango,1.0,6,VienneseWaltz
Media-104306_3_02,Tango,1.0,6,VienneseWaltz
Albums-StrictlyDancing_Tango-07_1_02,Tango,1.0,6,VienneseWaltz
Albums-Ballroom_Magic-06_0_04,Tango,2.0,0,ChaChaCha
Albums-Ballroom_Magic-06_0_02,Tango,1.0,6,VienneseWaltz
Albums-StrictlyDancing_Tango-07_2_00,Tango,0.5,5,Tango
Media-104709_2_01,Tango,0.7071067811865476,5,Tango
Albums-StrictlyDancing_Tango-07_0_01,Tango,0.7071067811865476,5,Tango
Media-104709_1_00,Tango,0.5,7,Waltz
Media-104709_4_00,Tango,0.5,6,VienneseWaltz
Media-104306_2_02,Tango,1.0,6,VienneseWaltz
Albums-Ballroom_Magic-06_1_00,Tango,0.5,6,VienneseWaltz
Media-104306_1_04,Tango,2.0,0,ChaChaCha
Albums-StrictlyDancing_Tango-03_3_01,Tango,0.7071067811865476,6,VienneseWaltz
Albums-Ballroom_Magic-06_2_02,Tango,1.0,6,VienneseWaltz
Media-104306_3_00,Tango,0.5,6,VienneseWaltz
Albums-StrictlyDancing_Tango-07_3_03,Tango,1.4142135623730951,0,ChaChaCha
Media-104306_5_03,Tango,1.4142135623730951,0,ChaChaCha
Albums-I_Like_It2-01_4_03,ChaChaCha,1.4142135623730951,0,ChaChaCha
Albums-Pais_Tropical-07_4_03,ChaChaCha,1.4142135623730951,0,ChaChaCha
Albums-Pais_Tropical-07_5_04,ChaChaCha,2.0,0,ChaChaCha
Albums-I_Like_It2-01_0_03,ChaChaCha,1.4142135623730951,0,ChaChaCha
Albums-Pais_Tropical-07_5_00,ChaChaCha,0.5,5,Tango
Media-104108_3_04,ChaChaCha,2.0,0,ChaChaCha
Albums-Pais_Tropical-07_4_01,ChaChaCha,0.7071067811865476,0,ChaChaCha
Albums-Latin_Jam3-01_0_03,ChaChaCha,1.4142135623730951,0,ChaChaCha
Albums-I_Like_It2-01_2_03,ChaChaCha,1.4142135623730951,0,ChaChaCha
Albums-Latin_Jam3-01_2_04,ChaChaCha,2.0,0,ChaChaCha
Albums-I_Like_It2-01_3_00,ChaChaCha,0.5,4,Samba
Media-103909_0_03,ChaChaCha,1.4142135623730951,0,ChaChaCha
Albums-Latin_Jam3-01_0_00,ChaChaCha,0.5,6,VienneseWaltz
Media-103909_3_04,ChaChaCha,2.0,0,ChaChaCha
Albums-I_Like_It2-01_5_03,ChaChaCha,1.4142135623730951,0,ChaChaCha
Albums-Latin_Jam-07_5_00,ChaChaCha,0.5,5,Tango
Albums-I_Like_It2-02_0_03,ChaChaCha,1.4142135623730951,0,ChaChaCha
Media-104108_3_02,ChaChaCha,1.0,6,VienneseWaltz
Albums-Latin_Jam3-01_1_01,ChaChaCha,0.7071067811865476,0,ChaChaCha
Albums-I_Like_It2-02_1_02,ChaChaCha,1.0,6,VienneseWaltz
Albums-Pais_Tropical-07_5_01,ChaChaCha,0.7071067811865476,5,Tango
Media-103510_4_01,ChaChaCha,0.7071067811865476,5,Tango
Albums-Latin_Jam3-01_0_04,ChaChaCha,2.0,0,ChaChaCha
Albums-I_Like_It2-01_5_04,ChaChaCha,2.0,0,ChaChaCha
Media-104108_3_03,ChaChaCha,1.4142135623730951,0,ChaChaCha
Albums-Latin_Jam-07_3_03,ChaChaCha,1.4142135623730951,0,ChaChaCha
Media-103510_2_02,ChaChaCha,1.0,6,VienneseWaltz
Media-103510_3_04,ChaChaCha,2.0,0,ChaChaCha
Media-103909_3_00,ChaChaCha,0.5,6,VienneseWaltz
Albums-Latin_Jam3-01_3_03,ChaChaCha,1.4142135623730951,0,ChaChaCha
Albums-Latin_Jam-07_5_01,ChaChaCha,0.7071067811865476,0,ChaChaCha
Media-103909_1_03,ChaChaCha,1.4142135623730951,0,ChaChaCha
Albums-Latin_Jam-07_1_00,ChaChaCha,0.5,4,Samba
Albums-Latin_Jam-07_2_02,ChaChaCha,1.0,1,Jive
Albums-Latin_Jam-07_1_03,ChaChaCha,1.4142135623730951,0,ChaChaCha
Albums-Latin_Jam3-01_2_01,ChaChaCha,0.7071067811865476,0,ChaChaCha
Albums-Latin_Jam3-01_3_00,ChaChaCha,0.5,6,VienneseWaltz
Albums-I_Like_It2-01_0_04,ChaChaCha,2.0,0,ChaChaCha
Albums-I_Like_It2-01_1_03,ChaChaCha,1.4142135623730951,0,ChaChaCha
Media-104108_0_00,ChaChaCha,0.5,0,ChaChaCha
Albums-I_Like_It2-01_5_01,ChaChaCha,0.7071067811865476,5,Tango
Media-103909_0_02,ChaChaCha,1.0,1,Jive
Media-104108_1_01,ChaChaCha,0.7071067811865476,6,VienneseWaltz
Media-103909_3_02,ChaChaCha,1.0,6,VienneseWaltz
Albums-Pais_Tropical-07_3_03,ChaChaCha,1.4142135623730951,0,ChaChaCha
Albums-Latin_Jam-07_0_01,ChaChaCha,0.7071067811865476,0,ChaChaCha
Albums-Latin_Jam3-01_5_02,ChaChaCha,1.0,4,Samba
Albums-I_Like_It2-02_5_00,ChaChaCha,0.5,5,Tango
Albums-I_Like_It2-02_5_03,ChaChaCha,1.4142135623730951,0,ChaChaCha
Media-103510_1_02,ChaChaCha,1.0,2,Quickstep
Albums-I_Like_It2-02_4_01,ChaChaCha,0.7071067811865476,0,ChaChaCha
Albums-I_Like_It2-02_3_03,ChaChaCha,1.4142135623730951,0,ChaChaCha
Media-103510_1_01,ChaChaCha,0.7071067811865476,4,Samba
Media-103510_3_01,ChaChaCha,0.7071067811865476,5,Tango
Albums-Pais_Tropical-07_0_00,ChaChaCha,0.5,6,VienneseWaltz
Media-103909_0_00,ChaChaCha,0.5,5,Tango
Media-103510_4_03,ChaChaCha,1.4142135623730951,0,ChaChaCha
Media-103510_3_03,ChaChaCha,1.4142135623730951,0,ChaChaCha
Albums-I_Like_It2-02_0_01,ChaChaCha,0.7071067811865476,2,Quickstep
Media-103510_0_00,ChaChaCha,0.5,7,Waltz
Albums-Latin_Jam-07_3_00,ChaChaCha,0.5,1,Jive
Media-103909_4_00,ChaChaCha,0.5,6,VienneseWaltz
Albums-Latin_Jam3-01_0_02,ChaChaCha,1.0,1,Jive
Albums-Latin_Jam-07_5_03,ChaChaCha,1.4142135623730951,0,ChaChaCha
Albums-Latin_Jam-07_0_00,ChaChaCha,0.5,4,Samba
Albums-I_Like_It2-01_3_02,ChaChaCha,1.0,3,Rumba
Albums-I_Like_It2-02_2_01,ChaChaCha,0.7071067811865476,5,Tango
Albums-Latin_Jam3-01_5_01,ChaChaCha,0.7071067811865476,0,ChaChaCha
Albums-Latin_Jam3-01_1_00,ChaChaCha,0.5,4,Samba
Media-103909_2_03,ChaChaCha,1.4142135623730951,0,ChaChaCha
Albums-I_Like_It2-01_0_01,ChaChaCha,0.7071067811865476,2,Quickstep
Albums-I_Like_It2-01_1_04,ChaChaCha,2.0,0,ChaChaCha
Media-104108_1_02,ChaChaCha,1.0,2,Quickstep
Media-103909_4_02,ChaChaCha,1.0,6,VienneseWaltz
Media-103510_4_00,ChaChaCha,0.5,5,Tango
Albums-I_Like_It2-02_3_01,ChaChaCha,0.7071067811865476,5,Tango
Albums-I_Like_It2-01_2_00,ChaChaCha,0.5,5,Tango
Media-104108_1_03,ChaChaCha,1.4142135623730951,0,ChaChaCha
Media-103909_1_00,ChaChaCha,0.5,5,Tango
Albums-Latin_Jam3-01_1_02,ChaChaCha,1.0,1,Jive
Albums-Pais_Tropical-07_4_04,ChaChaCha,2.0,0,ChaChaCha
Media-104108_0_02,ChaChaCha,1.0,0,ChaChaCha
Albums-Latin_Jam-07_2_03,ChaChaCha,1.4142135623730951,0,ChaChaCha
Media-103510_4_02,ChaChaCha,1.0,1,Jive
Albums-I_Like_It2-02_0_04,ChaChaCha,2.0,0,ChaChaCha
Albums-Latin_Jam3-01_3_04,ChaChaCha,2.0,0,ChaChaCha
Albums-I_Like_It2-01_1_01,ChaChaCha,0.7071067811865476,0,ChaChaCha
Media-103909_2_01,ChaChaCha,0.7071067811865476,5,Tango
Albums-Pais_Tropical-07_0_01,ChaChaCha,0.7071067811865476,5,Tango
Media-104108_1_00,ChaChaCha,0.5,5,Tango
Albums-Latin_Jam-07_2_00,ChaChaCha,0.5,0,ChaChaCha
Media-104108_4_00,ChaChaCha,0.5,5,Tango
Albums-I_Like_It2-02_5_01,ChaChaCha,0.7071067811865476,5,Tango
Albums-I_Like_It2-01_3_03,ChaChaCha,1.4142135623730951,0,ChaChaCha
Albums-I_Like_It2-01_4_04,ChaChaCha,2.0,0,ChaChaCha
Media-103510_2_01,ChaChaCha,0.7071067811865476,5,Tango
Albums-Latin_Jam3-01_4_02,ChaChaCha,1.0,4,Samba
Albums-Latin_Jam3-01_4_04,ChaChaCha,2.0,0,ChaChaCha
Media-103909_0_01,ChaChaCha,0.7071067811865476,0,ChaChaCha
Albums-I_Like_It2-02_1_01,ChaChaCha,0.7071067811865476,5,Tango
Albums-Pais_Tropical-07_0_02,ChaChaCha,1.0,6,VienneseWaltz
Albums-I_Like_It2-01_2_04,ChaChaCha,2.0,0,ChaChaCha
Media-104108_2_00,ChaChaCha,0.5,5,Tango
Albums-Pais_Tropical-07_2_00,ChaChaCha,0.5,6,VienneseWaltz
Albums-Latin_Jam-07_5_02,ChaChaCha,1.0,4,Samba
Albums-Latin_Jam-07_2_04,ChaChaCha,2.0,0,ChaChaCha
Media-104108_3_00,ChaChaCha,0.5,5,Tango
Albums-I_Like_It2-02_3_02,ChaChaCha,1.0,6,VienneseWaltz
Albums-I_Like_It2-02_3_00,ChaChaCha,0.5,6,VienneseWaltz
Albums-Latin_Jam-07_1_02,ChaChaCha,1.0,4,Samba
Albums-I_Like_It2-02_1_00,ChaChaCha,0.5,0,ChaChaCha
Albums-Latin_Jam-07_1_01,ChaChaCha,0.7071067811865476,0,ChaChaCha
Media-104108_4_01,ChaChaCha,0.7071067811865476,0,ChaChaCha
Media-103909_0_04,ChaChaCha,2.0,0,ChaChaCha
Media-104108_4_02,ChaChaCha,1.0,6,VienneseWaltz
Albums-I_Like_It2-02_4_02,ChaChaCha,1.0,6,VienneseWaltz
Albums-Latin_Jam-07_4_02,ChaChaCha,1.0,4,Samba
Media-103909_2_02,ChaChaCha,1.0,1,Jive
Albums-Pais_Tropical-07_0_04,ChaChaCha,2.0,0,ChaChaCha
Albums-Pais_Tropical-07_1_01,ChaChaCha,0.7071067811865476,5,Tango
Albums-Pais_Tropical-07_2_04,ChaChaCha,2.0,0,ChaChaCha
Albums-Pais_Tropical-07_3_01,ChaChaCha,0.7071067811865476,5,Tango
Media-103909_1_04,ChaChaCha,2.0,0,ChaChaCha
Media-103909_2_04,ChaChaCha,2.0,0,ChaChaCha
Albums-I_Like_It2-01_3_04,ChaChaCha,2.0,0,ChaChaCha
Media-103510_2_00,ChaChaCha,0.5,5,Tango
Albums-Latin_Jam3-01_0_01,ChaChaCha,0.7071067811865476,5,Tango
Albums-I_Like_It2-02_0_02,ChaChaCha,1.0,2,Quickstep
Albums-Pais_Tropical-07_5_02,ChaChaCha,1.0,6,VienneseWaltz
Albums-Latin_Jam3-01_3_02,ChaChaCha,1.0,1,Jive
Albums-Pais_Tropical-07_1_03,ChaChaCha,1.4142135623730951,0,ChaChaCha
Media-103909_1_01,ChaChaCha,0.7071067811865476,5,Tango
Media-104108_2_02,ChaChaCha,1.0,6,VienneseWaltz
Albums-Latin_Jam-07_3_04,ChaChaCha,2.0,0,ChaChaCha
Media-104108_0_01,ChaChaCha,0.7071067811865476,0,ChaChaCha
Media-104108_2_01,ChaChaCha,0.7071067811865476,5,Tango
Albums-I_Like_It2-01_0_02,ChaChaCha,1.0,0,ChaChaCha
Media-104108_1_04,ChaChaCha,2.0,0,ChaChaCha
Media-103909_2_00,ChaChaCha,0.5,5,Tango
Media-103510_0_04,ChaChaCha,2.0,0,ChaChaCha
Albums-Pais_Tropical-07_1_02,ChaChaCha,1.0,6,VienneseWaltz
Media-103909_1_02,ChaChaCha,1.0,6,VienneseWaltz
Albums-I_Like_It2-02_4_04,ChaChaCha,2.0,0,ChaChaCha
Albums-Pais_Tropical-07_4_00,ChaChaCha,0.5,6,VienneseWaltz
Albums-I_Like_It2-02_2_00,ChaChaCha,0.5,1,Jive
Albums-I_Like_It2-02_2_02,ChaChaCha,1.0,6,VienneseWaltz
Albums-Latin_Jam3-01_4_00,ChaChaCha,0.5,1,Jive
Albums-Latin_Jam-07_0_03,ChaChaCha,1.4142135623730951,0,ChaChaCha
Albums-Pais_Tropical-07_5_03,ChaChaCha,1.4142135623730951,0,ChaChaCha
Albums-Latin_Jam3-01_5_04,ChaChaCha,2.0,0,ChaChaCha
Media-104108_0_04,ChaChaCha,2.0,0,ChaChaCha
Media-103909_3_03,ChaChaCha,1.4142135623730951,0,ChaChaCha
Albums-I_Like_It2-02_3_04,ChaChaCha,2.0,0,ChaChaCha
Albums-Latin_Jam3-01_5_00,ChaChaCha,0.5,1,Jive
Albums-I_Like_It2-02_5_04,ChaChaCha,2.0,0,ChaChaCha
Media-103510_4_04,ChaChaCha,2.0,0,ChaChaCha
Albums-I_Like_It2-01_4_00,ChaChaCha,0.5,5,Tango
Albums-Pais_Tropical-07_3_04,ChaChaCha,2.0,0,ChaChaCha
Albums-I_Like_It2-01_4_01,ChaChaCha,0.7071067811865476,0,ChaChaCha
Albums-Pais_Tropical-07_3_02,ChaChaCha,1.0,1,Jive
Albums-I_Like_It2-01_2_02,ChaChaCha,1.0,2,Quickstep
Media-103909_4_03,ChaChaCha,1.4142135623730951,0,ChaChaCha
Albums-I_Like_It2-02_4_03,ChaChaCha,1.4142135623730951,0,ChaChaCha
Albums-Latin_Jam3-01_1_03,ChaChaCha,1.4142135623730951,0,ChaChaCha
Albums-Pais_Tropical-07_2_02,ChaChaCha,1.0,6,VienneseWaltz
Media-103510_1_04,ChaChaCha,2.0,0,ChaChaCha
Media-103510_1_00,ChaChaCha,0.5,6,VienneseWaltz
Media-103909_4_01,ChaChaCha,0.7071067811865476,0,ChaChaCha
Media-104108_0_03,ChaChaCha,1.4142135623730951,0,ChaChaCha
Albums-Latin_Jam-07_2_01,ChaChaCha,0.7071067811865476,0,ChaChaCha
Media-103510_0_01,ChaChaCha,0.7071067811865476,5,Tango
Albums-Latin_Jam-07_0_04,ChaChaCha,2.0,0,ChaChaCha
Albums-I_Like_It2-01_3_01,ChaChaCha,0.7071067811865476,0,ChaChaCha
Albums-Latin_Jam-07_4_03,ChaChaCha,1.4142135623730951,0,ChaChaCha
Albums-Latin_Jam-07_4_04,ChaChaCha,2.0,0,ChaChaCha
Albums-I_Like_It2-02_1_03,ChaChaCha,1.4142135623730951,0,ChaChaCha
Media-104108_2_04,ChaChaCha,2.0,0,ChaChaCha
Albums-Latin_Jam3-01_2_03,ChaChaCha,1.4142135623730951,0,ChaChaCha
Albums-Latin_Jam3-01_4_03,ChaChaCha,1.4142135623730951,0,ChaChaCha
Albums-Latin_Jam-07_0_02,ChaChaCha,1.0,4,Samba
Albums-Latin_Jam3-01_3_01,ChaChaCha,0.7071067811865476,0,ChaChaCha
Albums-I_Like_It2-01_2_01,ChaChaCha,0.7071067811865476,4,Samba
Albums-Latin_Jam3-01_2_00,ChaChaCha,0.5,1,Jive
Albums-I_Like_It2-01_5_00,ChaChaCha,0.5,5,Tango
Media-103510_0_03,ChaChaCha,1.4142135623730951,0,ChaChaCha
Albums-I_Like_It2-02_4_00,ChaChaCha,0.5,5,Tango
Media-104108_3_01,ChaChaCha,0.7071067811865476,5,Tango
Media-104108_2_03,ChaChaCha,1.4142135623730951,0,ChaChaCha
Albums-Latin_Jam3-01_4_01,ChaChaCha,0.7071067811865476,0,ChaChaCha
Albums-I_Like_It2-02_5_02,ChaChaCha,1.0,6,VienneseWaltz
Albums-Latin_Jam-07_4_01,ChaChaCha,0.7071067811865476,0,ChaChaCha
Albums-I_Like_It2-01_4_02,ChaChaCha,1.0,6,VienneseWaltz
Albums-I_Like_It2-01_0_00,ChaChaCha,0.5,5,Tango
Albums-I_Like_It2-02_2_03,ChaChaCha,1.4142135623730951,0,ChaChaCha
Media-103510_3_02,ChaChaCha,1.0,1,Jive
Albums-Latin_Jam-07_1_04,ChaChaCha,2.0,0,ChaChaCha
Albums-Pais_Tropical-07_2_03,ChaChaCha,1.4142135623730951,0,ChaChaCha
Media-104108_4_03,ChaChaCha,1.4142135623730951,0,ChaChaCha
Albums-I_Like_It2-01_1_00,ChaChaCha,0.5,0,ChaChaCha
Albums-Latin_Jam-07_5_04,ChaChaCha,2.0,0,ChaChaCha
Media-103510_2_04,ChaChaCha,2.0,0,ChaChaCha
Media-103510_3_00,ChaChaCha,0.5,5,Tango
Media-103909_4_04,ChaChaCha,2.0,0,ChaChaCha
Media-103510_2_03,ChaChaCha,1.4142135623730951,0,ChaChaCha
Albums-I_Like_It2-02_2_04,ChaChaCha,2.0,0,ChaChaCha
Albums-Pais_Tropical-07_0_03,ChaChaCha,1.4142135623730951,0,ChaChaCha
Media-103909_3_01,ChaChaCha,0.7071067811865476,5,Tango
Albums-I_Like_It2-01_5_02,ChaChaCha,1.0,3,Rumba
Albums-I_Like_It2-01_1_02,ChaChaCha,1.0,0,ChaChaCha
Albums-Latin_Jam3-01_5_03,ChaChaCha,1.4142135623730951,0,ChaChaCha
Albums-Latin_Jam3-01_2_02,ChaChaCha,1.0,1,Jive
Media-103510_0_02,ChaChaCha,1.0,5,Tango
Albums-I_Like_It2-02_0_00,ChaChaCha,0.5,5,Tango
Albums-I_Like_It2-02_1_04,ChaChaCha,2.0,0,ChaChaCha
Media-103510_1_03,ChaChaCha,1.4142135623730951,0,ChaChaCha
Albums-Latin_Jam-07_3_01,ChaChaCha,0.7071067811865476,0,ChaChaCha
Albums-Pais_Tropical-07_1_04,ChaChaCha,2.0,0,ChaChaCha
Albums-Pais_Tropical-07_4_02,ChaChaCha,1.0,6,VienneseWaltz
Media-104108_4_04,ChaChaCha,2.0,0,ChaChaCha
Albums-Latin_Jam-07_3_02,ChaChaCha,1.0,4,Samba
Albums-Pais_Tropical-07_2_01,ChaChaCha,0.7071067811865476,0,ChaChaCha
Albums-Pais_Tropical-07_3_00,ChaChaCha,0.5,6,VienneseWaltz
Albums-Latin_Jam3-01_1_04,ChaChaCha,2.0,0,ChaChaCha
Albums-Pais_Tropical-07_1_00,ChaChaCha,0.5,6,VienneseWaltz
Albums-Latin_Jam-07_4_00,ChaChaCha,0.5,1,Jive
Media-104211_1_01,VienneseWaltz,0.7071067811865476,6,VienneseWaltz
Media-104211_2_02,VienneseWaltz,1.0,6,VienneseWaltz
Media-105110_3_01,VienneseWaltz,0.7071067811865476,6,VienneseWaltz
Media-104909_3_01,VienneseWaltz,0.7071067811865476,5,Tango
Media-104909_4_00,VienneseWaltz,0.5,6,VienneseWaltz
Media-104211_5_02,VienneseWaltz,1.0,7,Waltz
Media-104211_0_04,VienneseWaltz,2.0,0,ChaChaCha
Media-104211_4_03,VienneseWaltz,1.4142135623730951,0,ChaChaCha
Media-105110_4_02,VienneseWaltz,1.0,6,VienneseWaltz
Albums-Step_By_Step-11_2_02,VienneseWaltz,1.0,6,VienneseWaltz
Albums-Step_By_Step-11_4_03,VienneseWaltz,1.4142135623730951,0,ChaChaCha
Media-104909_5_00,VienneseWaltz,0.5,6,VienneseWaltz
Media-104909_2_02,VienneseWaltz,1.0,5,Tango
Media-105110_5_04,VienneseWaltz,2.0,0,ChaChaCha
Media-103307_4_01,VienneseWaltz,0.7071067811865476,6,VienneseWaltz
Media-105110_2_02,VienneseWaltz,1.0,7,Waltz
Media-104909_2_01,VienneseWaltz,0.7071067811865476,6,VienneseWaltz
Media-105110_0_04,VienneseWaltz,2.0,0,ChaChaCha
Albums-Step_By_Step-11_4_02,VienneseWaltz,1.0,6,VienneseWaltz
Media-105110_4_01,VienneseWaltz,0.7071067811865476,6,VienneseWaltz
Media-104909_0_02,VienneseWaltz,1.0,5,Tango
Media-104909_3_02,VienneseWaltz,1.0,5,Tango
Media-105110_3_04,VienneseWaltz,2.0,0,ChaChaCha
Media-103307_1_03,VienneseWaltz,1.4142135623730951,0,ChaChaCha
Media-104211_2_01,VienneseWaltz,0.7071067811865476,7,Waltz
Media-105110_2_01,VienneseWaltz,0.7071067811865476,7,Waltz
Media-105110_1_04,VienneseWaltz,2.0,0,ChaChaCha
Media-105110_1_00,VienneseWaltz,0.5,7,Waltz
Albums-Step_By_Step-11_2_04,VienneseWaltz,2.0,0,ChaChaCha
Media-104211_3_03,VienneseWaltz,1.4142135623730951,0,ChaChaCha
Media-103307_4_00,VienneseWaltz,0.5,6,VienneseWaltz
Media-104909_2_03,VienneseWaltz,1.4142135623730951,0,ChaChaCha
Media-104211_3_02,VienneseWaltz,1.0,6,VienneseWaltz
Media-105110_5_00,VienneseWaltz,0.5,7,Waltz
Media-103307_2_01,VienneseWaltz,0.7071067811865476,6,VienneseWaltz
Media-104211_1_04,VienneseWaltz,2.0,0,ChaChaCha
Media-103307_3_04,VienneseWaltz,2.0,0,ChaChaCha
Media-105110_0_03,VienneseWaltz,1.4142135623730951,0,ChaChaCha
Media-104211_3_04,VienneseWaltz,2.0,0,ChaChaCha
Media-104909_0_01,VienneseWaltz,0.7071067811865476,5,Tango
Media-104909_1_01,VienneseWaltz,0.7071067811865476,5,Tango
Media-104909_3_03,VienneseWaltz,1.4142135623730951,0,ChaChaCha
Media-105110_3_03,VienneseWaltz,1.4142135623730951,0,ChaChaCha
Albums-Step_By_Step-11_0_03,VienneseWaltz,1.4142135623730951,0,ChaChaCha
Media-103307_0_03,VienneseWaltz,1.4142135623730951,0,ChaChaCha
Media-104909_1_03,VienneseWaltz,1.4142135623730951,0,ChaChaCha
Media-103307_1_02,VienneseWaltz,1.0,6,VienneseWaltz
Media-104909_0_00,VienneseWaltz,0.5,6,VienneseWaltz
Media-104909_1_04,VienneseWaltz,2.0,0,ChaChaCha
Media-103307_1_04,VienneseWaltz,2.0,0,ChaChaCha
Media-103307_1_01,VienneseWaltz,0.7071067811865476,6,VienneseWaltz
Media-104211_3_01,VienneseWaltz,0.7071067811865476,7,Waltz
Media-104909_4_02,VienneseWaltz,1.0,6,VienneseWaltz
Albums-Step_By_Step-11_3_03,VienneseWaltz,1.4142135623730951,0,ChaChaCha
Albums-Step_By_Step-11_4_00,VienneseWaltz,0.5,6,VienneseWaltz
Albums-Step_By_Step-11_2_03,VienneseWaltz,1.4142135623730951,0,ChaChaCha
Media-105110_5_01,VienneseWaltz,0.7071067811865476,7,Waltz
Media-105110_4_03,VienneseWaltz,1.4142135623730951,0,ChaChaCha
Albums-Step_By_Step-11_0_04,VienneseWaltz,2.0,0,ChaChaCha
Media-104211_0_02,VienneseWaltz,1.0,6,VienneseWaltz
Media-103307_3_03,VienneseWaltz,1.4142135623730951,0,ChaChaCha
Albums-Step_By_Step-11_2_01,VienneseWaltz,0.7071067811865476,6,VienneseWaltz
Media-104211_4_04,VienneseWaltz,2.0,0,ChaChaCha
Media-104909_3_04,VienneseWaltz,2.0,0,ChaChaCha
Media-105110_4_00,VienneseWaltz,0.5,7,Waltz
Media-104909_5_03,VienneseWaltz,1.4142135623730951,0,ChaChaCha
Media-104211_0_03,VienneseWaltz,1.4142135623730951,0,ChaChaCha
Media-104211_3_00,VienneseWaltz,0.5,7,Waltz
Media-105110_5_03,VienneseWaltz,1.4142135623730951,0,ChaChaCha
Media-104909_1_02,VienneseWaltz,1.0,5,Tango
Media-103307_2_04,VienneseWaltz,2.0,0,ChaChaCha
Media-103307_3_01,VienneseWaltz,0.7071067811865476,6,VienneseWaltz
Media-104909_4_04,VienneseWaltz,2.0,0,ChaChaCha
Albums-Step_By_Step-11_0_01,VienneseWaltz,0.7071067811865476,5,Tango
Media-104211_5_04,VienneseWaltz,2.0,0,ChaChaCha
Media-104909_5_01,VienneseWaltz,0.7071067811865476,6,VienneseWaltz
Media-103307_2_00,VienneseWaltz,0.5,6,VienneseWaltz
Albums-Step_By_Step-11_1_02,VienneseWaltz,1.0,6,VienneseWaltz
Media-104909_2_04,VienneseWaltz,2.0,0,ChaChaCha
Media-104211_2_04,VienneseWaltz,2.0,0,ChaChaCha
Media-103307_4_02,VienneseWaltz,1.0,5,Tango
Media-104211_0_01,VienneseWaltz,0.7071067811865476,7,Waltz
Media-104211_5_01,VienneseWaltz,0.7071067811865476,7,Waltz
Albums-Step_By_Step-11_3_00,VienneseWaltz,0.5,6,VienneseWaltz
Media-104211_0_00,VienneseWaltz,0.5,7,Waltz
Media-105110_1_03,VienneseWaltz,1.4142135623730951,0,ChaChaCha
Media-103307_3_00,VienneseWaltz,0.5,6,VienneseWaltz
Media-104909_5_04,VienneseWaltz,2.0,0,ChaChaCha
Media-105110_2_00,VienneseWaltz,0.5,7,Waltz
Media-103307_4_03,VienneseWaltz,1.4142135623730951,0,ChaChaCha
Media-105110_2_03,VienneseWaltz,1.4142135623730951,0,ChaChaCha
Albums-Step_By_Step-11_1_01,VienneseWaltz,0.7071067811865476,7,Waltz
Media-105110_4_04,VienneseWaltz,2.0,0,ChaChaCha
Albums-Step_By_Step-11_3_02,VienneseWaltz,1.0,6,VienneseWaltz
Albums-Step_By_Step-11_2_00,VienneseWaltz,0.5,7,Waltz
Albums-Step_By_Step-11_3_04,VienneseWaltz,2.0,0,ChaChaCha
Media-104909_3_00,VienneseWaltz,0.5,6,VienneseWaltz
Media-104211_1_03,VienneseWaltz,1.4142135623730951,0,ChaChaCha
Media-103307_0_04,VienneseWaltz,2.0,0,ChaChaCha
Albums-Step_By_Step-11_0_02,VienneseWaltz,1.0,5,Tango
Media-105110_0_00,VienneseWaltz,0.5,7,Waltz
Media-103307_0_01,VienneseWaltz,0.7071067811865476,6,VienneseWaltz
Media-104211_4_01,VienneseWaltz,0.7071067811865476,7,Waltz
Media-103307_0_02,VienneseWaltz,1.0,6,VienneseWaltz
Media-105110_3_00,VienneseWaltz,0.5,6,VienneseWaltz
Albums-Step_By_Step-11_0_00,VienneseWaltz,0.5,5,Tango
Media-104909_4_03,VienneseWaltz,1.4142135623730951,0,ChaChaCha
Albums-Step_By_Step-11_3_01,VienneseWaltz,0.7071067811865476,6,VienneseWaltz
Media-104909_0_03,VienneseWaltz,1.4142135623730951,0,ChaChaCha
Media-104211_4_02,VienneseWaltz,1.0,6,VienneseWaltz
Albums-Step_By_Step-11_4_04,VienneseWaltz,2.0,0,ChaChaCha
Media-105110_5_02,VienneseWaltz,1.0,6,VienneseWaltz
Media-104211_1_00,VienneseWaltz,0.5,6,VienneseWaltz
Media-104909_4_01,VienneseWaltz,0.7071067811865476,6,VienneseWaltz
Media-104909_2_00,VienneseWaltz,0.5,6,VienneseWaltz
Media-103307_3_02,VienneseWaltz,1.0,5,Tango
Media-103307_0_00,VienneseWaltz,0.5,6,VienneseWaltz
Albums-Step_By_Step-11_4_01,VienneseWaltz,0.7071067811865476,6,VienneseWaltz
Albums-Step_By_Step-11_1_03,VienneseWaltz,1.4142135623730951,0,ChaChaCha
Albums-Step_By_Step-11_1_04,VienneseWaltz,2.0,0,ChaChaCha
Media-105110_0_02,VienneseWaltz,1.0,7,Waltz
Media-104211_2_00,VienneseWaltz,0.5,7,Waltz
Media-105110_1_02,VienneseWaltz,1.0,7,Waltz
Media-104909_0_04,VienneseWaltz,2.0,0,ChaChaCha
Media-104211_4_00,VienneseWaltz,0.5,7,Waltz
Media-104211_5_03,VienneseWaltz,1.4142135623730951,0,ChaChaCha
Media-104211_2_03,VienneseWaltz,1.4142135623730951,0,ChaChaCha
Media-104909_5_02,VienneseWaltz,1.0,6,VienneseWaltz
Media-105110_2_04,VienneseWaltz,2.0,0,ChaChaCha
Media-105110_1_01,VienneseWaltz,0.7071067811865476,7,Waltz
Media-104211_5_00,VienneseWaltz,0.5,7,Waltz
Media-105110_3_02,VienneseWaltz,1.0,6,VienneseWaltz
Media-103307_2_03,VienneseWaltz,1.4142135623730951,0,ChaChaCha
Media-104909_1_00,VienneseWaltz,0.5,6,VienneseWaltz
Media-103307_1_00,VienneseWaltz,0.5,6,VienneseWaltz
Media-103307_4_04,VienneseWaltz,2.0,0,ChaChaCha
Media-104211_1_02,VienneseWaltz,1.0,6,VienneseWaltz
Media-105110_0_01,VienneseWaltz,0.7071067811865476,7,Waltz
Albums-Step_By_Step-11_1_00,VienneseWaltz,0.5,7,Waltz
Media-103307_2_02,VienneseWaltz,1.0,6,VienneseWaltz
